customer_id,tenure_months,purchase_frequency,avg_order_value,days_since_last_purchase,category_diversity,channel_diversity,promo_response_rate,email_open_rate,support_calls,churned
CUST-00001,34,5,98.12,30,1,2,0.137,0.081,0,0
CUST-00002,6,5,425.0,166,5,3,0.832,0.697,0,0
CUST-00003,11,4,114.38,61,1,3,0.571,0.614,0,0
CUST-00004,34,3,96.83,134,2,3,0.303,0.693,0,0
CUST-00005,8,0,133.78,98,1,2,0.234,0.922,0,1
CUST-00006,3,5,135.22,168,3,2,0.622,0.447,0,0
CUST-00007,31,5,113.53,2,2,2,0.186,0.617,1,0
CUST-00008,22,0,225.82,45,4,1,0.912,0.579,1,0
CUST-00009,18,3,180.49,28,4,3,0.677,0.183,0,0
CUST-00010,31,1,168.96,14,3,1,0.36,0.69,0,0
CUST-00011,29,3,278.37,89,4,3,0.282,0.196,0,0
CUST-00012,27,3,80.97,132,5,2,0.762,0.304,0,0
CUST-00013,25,1,270.79,106,1,3,0.077,0.465,1,0
CUST-00014,3,3,170.74,97,4,3,0.752,0.438,3,0
CUST-00015,1,6,141.75,164,2,3,0.516,0.529,1,0
CUST-00016,19,8,121.54,69,6,4,0.99,0.409,0,0
CUST-00017,16,1,146.81,30,4,1,0.779,0.821,1,0
CUST-00018,22,3,171.31,66,1,3,0.669,0.106,0,0
CUST-00019,32,3,146.04,102,1,3,0.988,0.769,1,0
CUST-00020,18,3,191.03,34,5,1,0.629,0.392,1,0
CUST-00021,12,1,174.98,130,5,4,0.248,0.065,0,1
CUST-00022,17,5,220.24,65,2,2,0.624,0.604,0,0
CUST-00023,20,6,269.62,167,2,3,0.759,0.709,0,0
CUST-00024,18,3,121.19,45,5,2,0.309,0.143,0,0
CUST-00025,10,5,156.56,78,6,4,0.656,0.943,1,0
CUST-00026,4,4,156.99,53,5,1,0.001,0.925,0,0
CUST-00027,27,3,159.42,135,5,3,0.07,0.62,0,0
CUST-00028,32,1,253.96,157,5,4,0.387,0.219,0,0
CUST-00029,18,5,187.6,67,6,4,0.927,0.457,0,0
CUST-00030,30,4,186.24,34,3,1,0.889,0.964,0,0
CUST-00031,10,5,86.73,98,4,2,0.727,0.303,1,0
CUST-00032,15,3,275.27,69,1,3,0.464,0.302,0,0
CUST-00033,33,4,92.12,23,5,2,0.424,0.348,0,0
CUST-00034,32,4,93.49,108,3,1,0.417,0.821,0,0
CUST-00035,26,4,299.89,57,4,2,0.345,0.445,1,0
CUST-00036,4,2,127.29,31,5,3,0.171,0.834,1,0
CUST-00037,16,4,221.25,61,1,2,0.665,0.668,0,0
CUST-00038,7,4,209.75,77,5,1,0.65,0.687,2,0
CUST-00039,17,3,181.25,163,3,4,0.054,0.312,1,0
CUST-00040,33,1,197.18,172,5,2,0.135,0.062,0,0
CUST-00041,24,2,150.35,22,4,2,0.187,0.66,1,0
CUST-00042,7,1,66.77,173,6,3,0.286,0.938,1,1
CUST-00043,22,8,254.94,137,2,1,0.39,0.71,0,0
CUST-00044,28,1,135.08,100,5,4,0.036,0.308,0,1
CUST-00045,5,4,83.09,139,5,4,0.724,0.787,0,0
CUST-00046,22,2,139.12,58,1,4,0.416,0.689,0,0
CUST-00047,9,5,224.58,115,5,3,0.273,0.775,0,0
CUST-00048,30,3,152.04,82,5,3,0.515,0.632,0,0
CUST-00049,12,2,254.71,6,6,3,0.565,0.956,0,0
CUST-00050,19,2,170.76,45,4,2,0.512,0.761,0,0
CUST-00051,4,7,243.11,1,1,1,0.782,0.227,0,0
CUST-00052,35,4,189.72,113,3,2,0.063,0.078,0,0
CUST-00053,13,6,106.41,167,2,2,0.509,0.097,1,0
CUST-00054,3,4,161.48,54,2,1,0.982,0.675,1,0
CUST-00055,25,4,92.42,138,6,1,0.953,0.46,0,0
CUST-00056,12,4,202.89,34,4,1,0.421,0.176,1,0
CUST-00057,5,3,44.17,3,5,2,0.784,0.697,1,0
CUST-00058,29,4,283.65,156,4,4,0.887,0.158,0,0
CUST-00059,20,4,271.8,110,3,3,0.641,0.75,0,0
CUST-00060,20,2,326.79,171,1,1,0.489,0.426,0,0
CUST-00061,18,2,186.52,25,4,1,0.608,0.549,1,0
CUST-00062,13,1,64.15,56,6,4,0.119,0.146,0,0
CUST-00063,14,4,115.55,9,5,3,0.493,0.857,0,0
CUST-00064,25,3,286.58,116,1,4,0.836,0.394,0,0
CUST-00065,7,8,103.11,168,1,4,0.261,0.59,0,0
CUST-00066,15,4,142.89,153,2,1,0.188,0.62,1,0
CUST-00067,1,2,247.68,10,4,2,0.519,0.318,0,0
CUST-00068,6,2,188.28,106,5,1,0.118,0.616,0,0
CUST-00069,28,1,106.64,21,5,2,0.375,0.884,0,0
CUST-00070,2,2,80.98,151,1,1,0.701,0.98,1,0
CUST-00071,11,1,292.25,21,1,4,0.124,0.216,0,0
CUST-00072,31,6,82.75,37,1,3,0.89,0.561,0,0
CUST-00073,7,4,126.97,73,1,2,0.347,0.387,0,0
CUST-00074,1,2,44.56,74,2,3,0.927,0.331,0,0
CUST-00075,12,3,57.07,122,4,1,0.597,0.747,0,0
CUST-00076,28,2,57.53,108,1,3,0.714,0.605,1,0
CUST-00077,8,3,105.5,111,5,4,0.032,0.154,1,0
CUST-00078,25,4,172.36,31,2,3,0.073,0.982,1,0
CUST-00079,10,1,146.22,40,5,1,0.161,0.19,0,0
CUST-00080,10,4,106.61,132,4,1,0.726,0.205,1,0
CUST-00081,12,2,152.86,103,4,4,0.7,0.275,1,0
CUST-00082,9,6,165.39,83,3,3,0.759,0.039,0,0
CUST-00083,6,1,134.64,152,1,3,0.939,0.313,1,0
CUST-00084,11,1,56.29,147,4,3,0.7,0.774,0,0
CUST-00085,34,3,284.09,167,3,1,0.77,0.021,0,0
CUST-00086,14,2,255.26,16,6,4,0.135,0.38,0,0
CUST-00087,17,1,80.36,28,4,3,0.066,0.895,0,0
CUST-00088,32,2,95.13,124,6,1,0.745,0.001,0,0
CUST-00089,28,6,135.72,104,6,3,0.77,0.643,0,0
CUST-00090,6,3,202.6,14,6,1,0.995,0.673,0,0
CUST-00091,35,2,64.05,133,5,4,0.315,0.202,0,0
CUST-00092,15,5,106.7,80,4,2,0.24,0.384,0,0
CUST-00093,7,3,115.97,32,6,4,0.453,0.92,0,0
CUST-00094,3,4,204.92,22,6,4,0.438,0.279,0,0
CUST-00095,31,1,135.0,106,5,3,0.086,0.323,0,0
CUST-00096,23,2,167.64,50,1,1,0.839,0.67,1,0
CUST-00097,4,2,75.98,110,4,4,0.978,0.323,1,0
CUST-00098,17,3,287.77,12,3,4,0.448,0.368,2,0
CUST-00099,35,4,178.77,107,5,4,0.714,0.859,0,0
CUST-00100,22,4,214.9,137,2,2,0.183,0.561,1,0
CUST-00101,10,5,174.75,109,5,1,0.669,0.578,0,0
CUST-00102,32,4,302.65,167,5,4,0.593,0.302,2,0
CUST-00103,23,2,191.73,160,2,2,0.919,0.762,0,0
CUST-00104,13,2,66.62,140,2,4,0.504,0.694,1,0
CUST-00105,24,5,321.3,55,1,2,0.872,0.303,0,0
CUST-00106,23,2,119.97,91,5,4,0.291,0.265,0,0
CUST-00107,1,4,195.23,66,1,3,0.063,0.808,0,0
CUST-00108,27,4,195.53,36,1,2,0.092,0.535,0,0
CUST-00109,1,4,66.98,124,6,1,0.245,0.551,0,0
CUST-00110,25,7,200.34,49,2,1,0.423,0.654,1,0
CUST-00111,8,1,142.69,43,6,3,0.461,0.54,0,0
CUST-00112,27,4,185.17,108,3,1,0.716,0.646,0,0
CUST-00113,3,1,145.83,106,1,3,0.201,0.176,0,1
CUST-00114,30,1,285.02,141,1,3,0.797,0.48,2,0
CUST-00115,32,4,175.33,172,3,2,0.209,0.852,0,0
CUST-00116,22,0,227.67,147,1,2,0.839,0.365,1,0
CUST-00117,4,4,101.39,95,5,2,0.347,0.506,1,0
CUST-00118,35,1,82.33,55,4,4,0.449,0.807,2,0
CUST-00119,10,1,218.81,141,5,4,0.368,0.143,0,0
CUST-00120,20,2,96.58,177,1,4,0.558,0.369,0,0
CUST-00121,16,2,191.23,58,4,2,0.192,0.234,1,0
CUST-00122,29,5,175.16,163,5,3,0.06,0.055,0,0
CUST-00123,26,2,62.89,29,6,2,0.628,0.308,2,0
CUST-00124,35,5,242.03,37,1,1,0.945,0.039,0,0
CUST-00125,17,6,83.66,157,3,3,0.682,0.474,0,0
CUST-00126,30,3,284.06,149,2,2,0.344,0.223,1,0
CUST-00127,19,3,93.99,132,6,1,0.534,0.401,1,0
CUST-00128,3,3,183.53,108,4,4,0.753,0.126,1,0
CUST-00129,1,2,93.21,121,2,1,0.709,0.9,1,0
CUST-00130,15,4,166.28,177,5,2,0.589,0.418,0,0
CUST-00131,34,3,48.95,75,3,3,0.552,0.925,0,0
CUST-00132,17,3,67.42,143,3,4,0.393,0.979,0,0
CUST-00133,9,4,251.26,109,3,1,0.642,0.923,0,0
CUST-00134,10,3,256.86,72,1,4,0.998,0.082,1,0
CUST-00135,24,1,144.24,32,6,4,0.671,0.062,0,0
CUST-00136,24,0,83.15,11,4,1,0.628,0.518,0,0
CUST-00137,34,1,158.35,131,2,4,0.469,0.13,0,0
CUST-00138,3,4,134.06,8,6,3,0.767,0.899,0,0
CUST-00139,10,1,149.52,98,6,2,0.318,0.677,2,0
CUST-00140,5,4,29.65,173,6,4,0.018,0.55,1,0
CUST-00141,23,5,54.55,172,3,2,0.94,0.513,0,0
CUST-00142,20,0,72.54,58,3,3,0.565,0.265,1,0
CUST-00143,9,2,203.46,131,5,2,0.006,0.282,2,0
CUST-00144,29,5,49.72,32,2,2,0.76,0.695,1,0
CUST-00145,1,4,101.93,73,5,1,0.788,0.532,0,0
CUST-00146,10,2,225.44,4,1,4,0.778,0.886,0,0
CUST-00147,19,2,170.37,112,6,2,0.082,0.154,1,0
CUST-00148,25,1,236.25,70,3,4,0.24,0.92,0,0
CUST-00149,28,1,144.26,143,6,4,0.513,0.527,0,0
CUST-00150,21,3,320.06,59,2,2,0.593,0.326,0,0
CUST-00151,20,0,138.33,153,1,4,0.301,0.187,1,0
CUST-00152,9,3,59.74,87,4,4,0.256,0.034,1,0
CUST-00153,14,2,246.81,9,1,2,0.832,0.428,2,0
CUST-00154,32,4,210.09,20,6,4,0.956,0.778,1,0
CUST-00155,4,3,140.34,59,4,1,0.056,0.284,1,0
CUST-00156,30,5,212.98,86,5,3,0.052,0.284,3,0
CUST-00157,4,3,115.37,2,4,3,0.1,0.579,0,0
CUST-00158,21,5,103.43,149,5,2,0.977,0.467,0,0
CUST-00159,24,1,230.05,170,1,4,0.814,0.967,0,0
CUST-00160,23,5,125.06,150,4,2,0.373,0.888,0,0
CUST-00161,32,2,192.26,48,2,1,0.279,0.868,0,0
CUST-00162,17,5,299.24,117,4,3,0.82,0.167,1,0
CUST-00163,5,3,165.84,98,1,1,0.81,0.536,3,0
CUST-00164,11,1,158.9,30,4,1,0.581,0.407,1,0
CUST-00165,21,3,231.2,23,6,2,0.493,0.561,2,0
CUST-00166,22,1,262.02,126,5,1,0.325,0.79,1,0
CUST-00167,15,4,109.22,88,2,2,0.745,0.88,1,0
CUST-00168,9,3,196.4,33,3,1,0.469,0.187,0,0
CUST-00169,10,6,168.36,46,6,3,0.906,0.36,1,0
CUST-00170,5,1,154.59,90,2,1,0.57,0.318,1,0
CUST-00171,12,7,161.31,129,5,2,0.711,0.401,0,0
CUST-00172,20,1,112.44,152,3,2,0.763,0.789,0,0
CUST-00173,11,4,289.28,78,2,3,0.457,0.225,0,0
CUST-00174,29,1,149.26,104,3,2,0.588,0.947,1,0
CUST-00175,7,5,108.68,52,5,3,0.366,0.916,1,0
CUST-00176,15,7,193.77,23,4,2,0.929,0.313,0,0
CUST-00177,17,5,144.38,15,2,1,0.248,0.657,0,0
CUST-00178,15,5,96.43,158,5,2,0.067,0.238,1,0
CUST-00179,4,1,132.29,33,4,3,0.847,0.275,1,0
CUST-00180,14,6,178.04,107,2,1,0.381,0.366,0,0
CUST-00181,29,5,96.89,112,2,3,0.514,0.689,0,0
CUST-00182,4,5,145.29,178,3,2,0.278,0.809,1,0
CUST-00183,19,9,181.97,169,3,2,0.18,0.152,0,0
CUST-00184,34,2,44.38,147,1,1,0.751,0.887,0,0
CUST-00185,12,3,88.22,22,1,3,0.712,0.276,0,0
CUST-00186,9,0,234.82,108,5,2,0.837,0.587,0,1
CUST-00187,3,1,153.67,7,5,4,0.397,0.905,0,0
CUST-00188,6,3,82.31,162,2,2,0.303,0.167,1,0
CUST-00189,35,6,128.92,155,5,3,0.863,0.84,2,0
CUST-00190,27,2,191.31,90,1,2,0.487,0.427,1,0
CUST-00191,21,4,213.22,48,2,1,0.259,0.453,1,0
CUST-00192,8,4,137.65,155,3,4,0.76,0.479,0,0
CUST-00193,35,1,160.73,80,1,1,0.598,0.255,1,0
CUST-00194,11,5,94.41,171,6,4,0.079,0.89,1,0
CUST-00195,17,2,272.67,125,6,4,0.75,0.544,2,0
CUST-00196,32,6,222.33,114,1,3,0.512,0.828,1,0
CUST-00197,31,1,107.9,166,2,2,0.938,0.729,0,0
CUST-00198,20,4,101.37,174,2,3,0.826,0.823,0,0
CUST-00199,6,1,44.11,143,2,2,0.434,0.089,0,1
CUST-00200,14,3,240.47,134,3,2,0.771,0.666,0,0
CUST-00201,1,6,110.15,127,6,4,0.464,0.154,0,0
CUST-00202,13,2,254.45,136,1,3,0.494,0.044,0,0
CUST-00203,9,2,77.79,116,2,2,0.823,0.639,0,0
CUST-00204,21,2,69.33,151,4,1,0.927,0.518,2,0
CUST-00205,18,4,91.24,72,4,4,0.249,0.056,1,0
CUST-00206,12,2,170.87,140,6,2,0.089,0.466,0,0
CUST-00207,30,6,144.24,124,4,1,0.617,0.019,2,0
CUST-00208,34,2,77.24,13,4,1,0.168,0.983,0,0
CUST-00209,25,0,139.54,160,1,3,0.24,0.065,1,0
CUST-00210,13,3,130.02,16,1,1,0.564,0.706,0,0
CUST-00211,23,2,80.4,83,5,2,0.921,0.713,1,0
CUST-00212,18,3,110.36,83,1,1,0.076,0.529,0,0
CUST-00213,1,4,223.92,53,4,1,0.067,0.148,0,0
CUST-00214,27,3,305.22,177,2,2,0.702,0.905,2,0
CUST-00215,5,5,179.17,57,2,3,0.281,0.851,1,0
CUST-00216,4,4,140.37,30,3,3,0.576,0.571,0,0
CUST-00217,16,3,133.83,133,6,4,1.0,0.036,0,0
CUST-00218,25,5,197.21,117,6,2,0.444,0.014,0,0
CUST-00219,32,1,192.7,3,5,2,0.458,0.107,3,0
CUST-00220,35,5,153.17,170,5,3,0.167,0.532,0,0
CUST-00221,34,2,97.43,88,2,4,0.73,0.218,0,0
CUST-00222,2,5,155.45,36,4,4,0.631,0.381,0,0
CUST-00223,6,3,203.75,89,6,4,0.05,0.953,0,0
CUST-00224,13,1,47.31,33,4,2,0.638,0.22,0,0
CUST-00225,33,2,83.48,121,1,4,0.559,0.458,0,0
CUST-00226,14,6,338.36,124,1,1,0.527,0.192,2,0
CUST-00227,13,2,143.93,128,6,3,0.011,0.222,1,0
CUST-00228,15,3,236.04,82,5,2,0.346,0.039,1,0
CUST-00229,6,4,301.46,36,3,4,0.737,0.824,0,0
CUST-00230,5,4,67.28,146,6,1,0.067,0.672,1,0
CUST-00231,8,3,79.94,31,1,3,0.958,0.788,0,0
CUST-00232,8,2,120.35,137,5,4,0.414,0.023,1,0
CUST-00233,27,4,116.24,50,2,4,0.345,0.873,1,0
CUST-00234,32,5,125.67,15,6,4,0.599,0.202,0,0
CUST-00235,34,2,266.56,93,6,4,0.578,0.544,1,0
CUST-00236,19,0,130.73,11,3,4,0.228,0.99,1,0
CUST-00237,29,4,166.16,38,4,4,0.292,0.216,1,0
CUST-00238,30,3,129.2,43,6,2,0.785,0.85,0,0
CUST-00239,27,2,198.97,154,1,4,0.219,0.299,1,0
CUST-00240,14,3,142.78,179,2,4,0.296,0.143,1,0
CUST-00241,1,4,137.13,171,4,2,0.341,0.502,0,0
CUST-00242,18,5,132.15,166,2,4,0.484,0.67,0,0
CUST-00243,22,3,237.49,52,4,4,0.618,0.509,0,0
CUST-00244,17,1,251.15,73,6,4,0.808,0.79,1,0
CUST-00245,10,2,82.07,35,6,3,0.832,0.804,1,0
CUST-00246,11,4,174.3,171,6,4,0.046,0.996,0,0
CUST-00247,14,6,135.41,167,4,2,0.61,0.663,0,0
CUST-00248,32,2,240.09,8,1,4,0.812,0.241,0,0
CUST-00249,21,1,158.28,106,5,4,0.302,0.211,0,0
CUST-00250,11,2,209.11,67,3,2,0.204,0.973,0,0
CUST-00251,26,3,234.12,33,1,1,0.569,0.629,1,0
CUST-00252,1,2,312.84,137,5,1,0.485,0.548,0,0
CUST-00253,27,1,159.27,60,5,3,0.783,0.889,0,0
CUST-00254,15,2,143.71,140,3,3,0.69,0.887,0,0
CUST-00255,10,3,109.36,92,1,1,0.999,0.75,0,0
CUST-00256,34,2,87.65,1,1,4,0.854,0.704,0,0
CUST-00257,5,6,75.73,106,2,3,0.205,0.297,2,0
CUST-00258,22,2,172.15,164,6,4,0.435,0.616,1,0
CUST-00259,31,4,132.0,96,4,3,0.736,0.938,0,0
CUST-00260,11,4,219.02,17,2,1,0.238,0.695,3,0
CUST-00261,5,3,123.97,88,1,4,0.581,0.467,0,0
CUST-00262,34,3,121.73,120,2,1,0.888,0.473,0,0
CUST-00263,23,2,219.94,72,4,2,0.74,0.988,1,0
CUST-00264,14,4,177.69,8,6,2,0.443,0.497,0,0
CUST-00265,9,1,202.23,170,1,4,0.659,0.345,0,0
CUST-00266,27,2,139.56,149,1,1,0.433,0.365,1,0
CUST-00267,25,5,121.51,125,2,1,0.464,0.345,1,0
CUST-00268,15,1,183.97,140,3,2,0.118,0.769,1,1
CUST-00269,35,1,131.01,66,5,2,0.065,0.155,0,0
CUST-00270,10,1,157.3,82,5,3,0.49,0.341,1,0
CUST-00271,33,3,171.71,68,4,3,0.495,0.211,0,0
CUST-00272,9,6,174.54,161,1,4,0.684,0.607,1,0
CUST-00273,8,4,152.37,90,5,4,0.781,0.39,0,0
CUST-00274,32,2,286.13,67,6,3,0.045,0.119,0,0
CUST-00275,29,1,169.25,134,1,4,0.158,0.222,0,0
CUST-00276,22,3,173.9,73,2,4,0.42,0.57,0,0
CUST-00277,15,2,208.56,111,4,1,0.997,0.009,0,0
CUST-00278,8,1,52.88,90,1,1,0.057,0.004,1,0
CUST-00279,23,4,229.1,52,2,1,0.043,0.881,0,0
CUST-00280,5,3,155.16,122,6,2,0.99,0.685,0,0
CUST-00281,2,5,102.75,78,6,1,0.815,0.968,0,0
CUST-00282,31,2,234.47,178,1,2,0.948,0.109,0,0
CUST-00283,9,1,90.49,97,1,2,0.215,0.504,0,1
CUST-00284,27,3,79.93,151,6,1,0.857,0.569,2,0
CUST-00285,26,2,339.81,171,6,1,0.302,0.458,0,0
CUST-00286,1,3,213.53,7,5,2,0.876,0.663,0,0
CUST-00287,13,4,166.09,76,2,3,0.549,0.309,0,0
CUST-00288,12,3,105.07,66,6,1,0.421,0.935,1,0
CUST-00289,28,0,96.0,15,5,2,0.941,0.774,0,0
CUST-00290,10,1,125.97,123,3,3,0.256,0.047,0,1
CUST-00291,7,4,223.68,85,4,3,0.889,0.572,2,0
CUST-00292,35,1,132.77,90,1,3,0.384,0.191,1,0
CUST-00293,13,3,59.92,175,2,1,0.485,0.94,1,0
CUST-00294,25,1,121.52,25,4,3,0.806,0.105,0,0
CUST-00295,14,4,134.76,149,2,1,0.696,0.295,1,0
CUST-00296,34,6,95.15,25,4,4,0.277,0.328,0,0
CUST-00297,29,6,151.98,2,4,1,0.401,0.429,0,0
CUST-00298,4,0,179.15,91,2,2,0.999,0.414,1,1
CUST-00299,28,2,118.47,134,5,1,0.136,0.522,0,0
CUST-00300,20,0,45.56,139,4,1,0.913,0.539,1,0
CUST-00301,12,3,114.67,66,5,1,0.283,0.007,1,0
CUST-00302,32,2,201.43,174,2,3,0.952,0.475,1,0
CUST-00303,33,1,139.83,159,5,4,0.285,0.249,1,0
CUST-00304,31,4,60.09,50,6,4,0.47,0.102,0,0
CUST-00305,21,3,78.86,171,3,3,0.527,0.139,1,0
CUST-00306,12,4,133.38,76,5,2,0.244,0.922,0,0
CUST-00307,11,4,191.8,2,6,1,0.553,0.842,2,0
CUST-00308,16,3,206.49,90,6,2,0.334,0.627,0,0
CUST-00309,15,2,144.92,89,4,4,0.564,0.942,1,0
CUST-00310,16,2,85.12,95,5,3,0.335,0.534,0,0
CUST-00311,26,5,148.83,12,5,1,0.579,0.906,0,0
CUST-00312,6,5,122.38,54,3,2,0.519,0.119,0,0
CUST-00313,31,2,119.51,106,6,4,0.185,0.466,0,0
CUST-00314,4,1,91.49,127,6,2,0.175,0.396,1,1
CUST-00315,10,3,205.28,104,5,1,0.582,0.967,0,0
CUST-00316,17,4,87.44,60,4,1,0.834,0.956,2,0
CUST-00317,17,3,223.09,147,5,4,0.602,0.358,0,0
CUST-00318,22,4,188.17,121,3,1,0.932,0.243,0,0
CUST-00319,29,5,172.53,148,4,2,0.029,0.895,2,0
CUST-00320,30,5,124.3,59,2,3,0.963,0.397,3,0
CUST-00321,5,2,139.29,42,2,3,0.178,0.378,0,0
CUST-00322,32,3,29.25,166,6,2,0.509,0.899,0,0
CUST-00323,14,5,52.99,31,5,2,0.541,0.272,0,0
CUST-00324,26,2,200.88,86,3,3,0.983,0.417,0,0
CUST-00325,22,3,224.25,101,6,3,0.348,0.611,2,0
CUST-00326,34,2,145.28,124,2,4,0.244,0.005,0,0
CUST-00327,34,5,78.04,10,3,3,0.43,0.011,2,0
CUST-00328,12,4,76.99,97,6,3,0.101,0.01,1,0
CUST-00329,28,4,367.21,31,4,3,0.729,0.234,1,0
CUST-00330,8,3,217.07,56,4,1,0.588,0.054,1,0
CUST-00331,10,4,197.03,112,2,1,0.798,0.394,0,0
CUST-00332,26,3,68.15,118,1,4,0.661,0.383,0,0
CUST-00333,14,5,160.69,108,4,1,0.078,0.978,0,0
CUST-00334,13,2,128.43,152,5,1,0.865,0.005,0,0
CUST-00335,21,4,235.04,156,3,1,0.488,0.464,1,0
CUST-00336,35,2,130.36,144,6,4,0.167,0.288,0,0
CUST-00337,27,0,61.89,175,6,1,0.789,0.919,0,0
CUST-00338,16,3,107.13,20,6,2,0.8,0.509,0,0
CUST-00339,1,2,121.45,148,6,1,0.04,0.479,0,0
CUST-00340,6,4,140.32,80,1,3,0.583,0.256,0,0
CUST-00341,12,1,138.41,170,3,3,0.383,0.195,0,1
CUST-00342,31,6,116.78,126,4,3,0.019,0.28,1,0
CUST-00343,20,3,346.29,81,2,1,0.905,0.993,2,0
CUST-00344,4,4,160.57,3,4,4,0.97,0.865,0,0
CUST-00345,33,1,211.3,143,3,2,0.215,0.59,2,1
CUST-00346,16,3,66.81,60,4,2,0.987,0.919,1,0
CUST-00347,12,3,149.81,102,5,3,0.656,0.334,0,0
CUST-00348,28,2,167.04,26,1,1,0.618,0.037,1,0
CUST-00349,35,5,175.92,147,3,2,0.637,0.84,0,0
CUST-00350,22,2,91.14,110,5,3,0.788,0.433,1,0
CUST-00351,8,4,109.15,53,4,2,0.325,0.756,0,0
CUST-00352,33,4,229.97,143,1,2,0.294,0.741,0,0
CUST-00353,16,3,194.85,95,4,4,0.587,0.742,0,0
CUST-00354,7,3,94.74,63,5,2,0.755,0.969,0,0
CUST-00355,27,1,126.61,117,2,1,0.631,0.326,2,0
CUST-00356,28,3,138.06,49,1,3,0.694,0.872,1,0
CUST-00357,5,2,247.04,38,6,4,0.631,0.757,0,0
CUST-00358,21,6,131.24,153,6,2,0.949,0.185,1,0
CUST-00359,23,0,308.35,72,4,2,0.226,0.932,0,0
CUST-00360,2,0,253.05,88,2,4,0.83,0.442,0,0
CUST-00361,23,0,181.84,62,5,4,0.657,0.834,2,0
CUST-00362,27,3,135.3,151,1,3,0.934,0.32,0,0
CUST-00363,14,2,244.07,7,3,1,0.493,0.688,0,0
CUST-00364,34,4,80.59,40,3,1,0.378,0.428,0,0
CUST-00365,17,3,126.08,35,4,1,0.058,0.362,0,0
CUST-00366,12,3,63.04,129,4,4,0.684,0.808,0,0
CUST-00367,24,1,154.59,9,3,1,0.507,0.12,2,0
CUST-00368,35,5,243.64,145,2,3,0.517,0.857,0,0
CUST-00369,6,6,138.88,55,5,4,0.541,0.5,1,0
CUST-00370,20,1,131.06,50,2,3,0.488,0.536,0,0
CUST-00371,12,2,223.71,54,3,3,0.913,0.429,1,0
CUST-00372,3,0,118.29,148,6,2,0.183,0.592,0,1
CUST-00373,20,1,35.54,39,2,3,0.669,0.801,0,0
CUST-00374,30,2,168.15,142,3,3,0.871,0.474,1,0
CUST-00375,8,1,355.25,141,2,3,0.278,0.618,0,1
CUST-00376,4,2,192.87,151,4,2,0.579,0.162,0,0
CUST-00377,31,5,146.71,42,1,4,0.775,0.897,1,0
CUST-00378,1,5,182.87,9,4,3,0.92,0.537,2,0
CUST-00379,19,1,34.15,75,5,1,0.406,0.215,0,0
CUST-00380,11,3,158.14,111,4,3,0.563,0.358,1,0
CUST-00381,15,1,288.11,174,6,2,0.413,0.702,0,0
CUST-00382,35,1,200.89,32,4,2,0.249,0.858,0,0
CUST-00383,12,3,122.29,115,2,2,0.223,0.424,0,0
CUST-00384,31,2,42.4,128,1,4,0.519,0.277,0,0
CUST-00385,26,4,174.65,97,4,1,0.845,0.894,1,0
CUST-00386,16,4,186.78,120,2,2,0.301,0.329,0,0
CUST-00387,21,2,75.98,26,6,2,0.577,0.533,1,0
CUST-00388,16,3,90.18,68,5,4,0.324,0.912,0,0
CUST-00389,30,1,112.99,46,4,4,0.394,0.108,4,0
CUST-00390,3,3,89.24,36,1,3,0.139,0.994,0,0
CUST-00391,18,3,209.69,72,3,4,0.567,0.394,1,0
CUST-00392,22,4,127.27,122,4,2,0.239,0.416,1,0
CUST-00393,16,4,59.92,76,4,2,0.029,0.05,0,0
CUST-00394,15,4,244.72,117,6,3,0.43,0.633,0,0
CUST-00395,34,1,193.55,87,5,4,0.497,0.524,1,0
CUST-00396,18,4,128.75,15,5,2,0.918,0.126,0,0
CUST-00397,28,6,92.64,167,5,2,0.284,0.108,0,0
CUST-00398,6,2,186.5,123,4,4,0.992,0.059,1,0
CUST-00399,26,4,168.77,60,4,1,0.33,0.058,0,0
CUST-00400,11,5,129.31,36,5,1,0.956,0.419,0,0
CUST-00401,1,1,183.57,12,2,4,0.694,0.332,1,0
CUST-00402,32,7,131.88,148,4,4,0.213,0.581,1,0
CUST-00403,3,4,158.09,54,6,3,0.692,0.777,1,0
CUST-00404,25,6,63.83,8,5,3,0.977,0.762,1,0
CUST-00405,16,5,128.83,124,2,2,0.783,0.409,0,0
CUST-00406,33,3,80.06,60,1,4,0.893,0.117,2,0
CUST-00407,29,1,150.07,12,4,3,0.811,0.436,0,0
CUST-00408,15,1,152.74,168,1,4,0.781,0.208,0,0
CUST-00409,27,1,185.87,84,5,3,0.714,0.663,1,0
CUST-00410,27,5,133.9,162,6,3,0.461,0.64,1,0
CUST-00411,19,2,84.77,60,5,3,0.397,0.902,0,0
CUST-00412,22,2,117.4,25,6,1,0.278,0.917,0,0
CUST-00413,20,4,188.36,149,3,4,0.89,0.869,1,0
CUST-00414,5,5,232.06,170,4,4,0.573,0.722,0,0
CUST-00415,25,7,86.52,118,2,1,0.218,0.948,0,0
CUST-00416,4,5,149.59,35,1,2,0.012,0.02,0,0
CUST-00417,27,5,105.57,137,5,2,0.758,0.631,0,0
CUST-00418,28,4,120.72,175,3,4,0.574,0.898,0,0
CUST-00419,11,4,142.7,164,3,2,0.839,0.339,0,0
CUST-00420,22,0,115.54,67,4,3,0.277,0.697,0,0
CUST-00421,34,6,171.91,4,3,2,0.449,0.497,1,0
CUST-00422,29,6,94.59,2,5,3,0.25,0.528,0,0
CUST-00423,16,0,96.8,174,1,4,0.136,0.9,0,0
CUST-00424,35,2,49.05,143,5,4,0.745,0.401,1,0
CUST-00425,6,3,73.95,78,1,2,0.786,0.583,1,0
CUST-00426,18,5,76.01,161,2,4,0.027,0.618,0,0
CUST-00427,32,4,85.82,88,4,4,0.354,0.018,0,0
CUST-00428,14,3,103.26,173,6,1,0.972,0.484,2,0
CUST-00429,32,3,143.38,132,1,4,0.995,0.496,2,0
CUST-00430,25,4,160.43,126,5,4,0.535,0.292,0,0
CUST-00431,13,3,194.29,47,6,4,0.249,0.058,2,0
CUST-00432,35,4,92.11,131,4,4,0.481,0.329,1,0
CUST-00433,8,1,90.34,108,1,2,0.928,0.197,1,1
CUST-00434,25,4,143.73,164,3,2,0.612,0.168,2,0
CUST-00435,5,1,155.08,172,2,1,0.104,0.662,1,1
CUST-00436,12,3,208.66,27,3,3,0.868,0.417,0,0
CUST-00437,1,3,176.12,169,4,3,0.132,0.529,0,0
CUST-00438,20,3,170.39,69,4,2,0.198,0.906,1,0
CUST-00439,6,6,130.03,93,3,2,0.392,0.402,0,0
CUST-00440,19,0,66.66,91,5,2,0.225,0.844,0,0
CUST-00441,10,3,88.35,66,3,3,0.342,0.172,0,0
CUST-00442,19,2,104.78,50,3,4,0.518,0.349,2,0
CUST-00443,22,4,58.99,128,4,3,0.885,0.093,1,0
CUST-00444,21,3,167.01,82,1,4,0.511,0.19,0,0
CUST-00445,3,6,158.75,64,4,3,0.93,0.34,1,0
CUST-00446,23,2,82.24,9,1,4,0.115,0.147,3,0
CUST-00447,28,4,90.55,96,5,4,0.647,0.765,0,0
CUST-00448,4,3,312.45,112,2,4,0.058,0.724,1,0
CUST-00449,7,2,54.71,16,2,1,0.269,0.063,0,0
CUST-00450,11,4,133.68,11,2,2,0.38,0.436,1,0
CUST-00451,1,3,137.29,2,6,1,0.554,0.528,1,0
CUST-00452,17,2,250.29,123,4,1,0.912,0.975,0,0
CUST-00453,30,2,196.37,113,1,1,0.35,0.14,0,0
CUST-00454,15,4,138.66,85,5,3,0.776,0.515,1,0
CUST-00455,11,6,140.85,176,3,1,0.289,0.927,0,0
CUST-00456,14,5,165.9,66,5,1,0.803,0.466,0,0
CUST-00457,2,5,86.23,54,6,3,0.645,0.729,0,0
CUST-00458,22,0,223.98,30,5,2,0.734,0.73,0,0
CUST-00459,14,2,127.11,160,2,3,0.407,0.005,2,0
CUST-00460,31,1,305.79,108,6,2,0.462,0.481,1,0
CUST-00461,9,3,64.4,106,4,3,0.563,0.733,0,0
CUST-00462,4,1,119.19,156,5,3,0.02,0.806,1,1
CUST-00463,25,2,130.08,133,4,2,0.046,0.624,1,0
CUST-00464,28,3,42.88,23,2,4,0.804,0.886,1,0
CUST-00465,21,4,216.13,75,3,2,0.056,0.352,1,0
CUST-00466,29,4,19.74,98,5,4,0.164,0.392,1,0
CUST-00467,33,4,184.41,89,4,1,0.334,0.353,0,0
CUST-00468,21,7,182.15,121,4,1,0.997,0.353,0,0
CUST-00469,22,5,115.17,159,5,3,0.7,0.54,1,0
CUST-00470,12,4,297.74,5,3,3,0.776,0.917,0,0
CUST-00471,3,5,59.4,175,4,1,0.787,0.719,2,0
CUST-00472,30,5,144.05,84,2,3,0.369,0.723,1,0
CUST-00473,12,2,214.27,132,4,2,0.215,0.516,0,0
CUST-00474,4,2,153.55,34,6,4,0.832,0.817,0,0
CUST-00475,19,1,115.19,74,2,2,0.481,0.645,1,0
CUST-00476,31,3,158.43,169,6,1,0.213,0.399,0,0
CUST-00477,31,4,156.11,99,2,4,0.602,0.591,2,0
CUST-00478,7,1,211.06,135,4,3,0.593,0.773,0,1
CUST-00479,28,2,188.47,110,5,1,0.954,0.67,0,0
CUST-00480,5,4,76.88,151,1,3,0.962,0.398,1,0
CUST-00481,15,4,179.17,16,4,4,0.224,0.599,2,0
CUST-00482,34,4,114.7,77,3,2,0.349,0.241,0,0
CUST-00483,34,1,225.36,3,2,3,0.623,0.311,0,0
CUST-00484,27,3,129.96,69,5,3,0.47,0.373,1,0
CUST-00485,16,5,165.23,73,6,4,0.456,0.406,0,0
CUST-00486,21,2,135.88,15,5,1,0.075,0.961,1,0
CUST-00487,28,2,294.72,66,1,4,0.908,0.875,0,0
CUST-00488,33,1,239.16,121,5,4,0.16,0.753,0,1
CUST-00489,11,1,184.02,6,5,3,0.956,0.143,1,0
CUST-00490,14,3,126.67,104,1,2,0.673,0.027,0,0
CUST-00491,10,1,183.47,107,1,3,0.248,0.49,2,1
CUST-00492,17,2,143.39,23,6,1,0.859,0.442,0,0
CUST-00493,16,3,125.17,124,2,2,0.135,0.803,1,0
CUST-00494,11,8,156.41,68,3,2,0.602,0.903,0,0
CUST-00495,32,3,175.26,126,4,3,0.954,0.106,0,0
CUST-00496,11,1,169.96,49,3,4,0.281,0.022,0,0
CUST-00497,29,1,109.1,95,1,3,0.978,0.648,0,0
CUST-00498,27,4,151.05,28,1,2,0.118,0.829,0,0
CUST-00499,27,1,103.04,125,3,4,0.259,0.777,0,0
CUST-00500,32,1,172.58,93,2,2,0.951,0.81,1,0
CUST-00501,2,4,94.66,132,3,3,0.105,0.764,1,0
CUST-00502,4,3,139.74,100,3,3,0.861,0.764,0,0
CUST-00503,2,5,148.68,68,5,2,0.683,0.523,0,0
CUST-00504,30,5,162.2,161,4,3,0.424,0.572,1,0
CUST-00505,16,3,121.27,178,5,1,0.603,0.52,1,0
CUST-00506,30,2,151.72,165,5,2,0.572,0.898,1,0
CUST-00507,25,6,175.39,12,2,4,0.377,0.897,1,0
CUST-00508,16,6,96.19,3,2,1,0.224,0.324,0,0
CUST-00509,10,1,128.49,28,1,4,0.26,0.261,0,0
CUST-00510,2,1,74.19,173,3,3,0.889,0.927,0,1
CUST-00511,22,0,171.65,89,5,1,0.07,0.64,0,0
CUST-00512,30,2,124.94,129,1,4,0.85,0.097,0,0
CUST-00513,16,3,186.99,29,1,4,0.831,0.347,0,0
CUST-00514,28,4,163.54,86,6,3,0.827,0.92,0,0
CUST-00515,4,3,171.46,159,4,2,0.128,0.296,1,0
CUST-00516,30,4,150.06,38,4,4,0.861,0.691,0,0
CUST-00517,7,3,114.91,83,4,2,0.785,0.207,0,0
CUST-00518,14,5,244.05,14,6,3,0.772,0.954,0,0
CUST-00519,10,4,274.77,47,4,1,0.375,0.912,2,0
CUST-00520,7,3,109.42,1,2,3,0.096,0.807,0,0
CUST-00521,19,4,49.56,48,1,4,0.039,0.473,0,0
CUST-00522,25,3,66.71,13,1,1,0.303,0.103,0,0
CUST-00523,33,2,169.78,37,5,1,0.439,0.207,3,0
CUST-00524,35,3,210.53,97,5,3,0.779,0.172,1,0
CUST-00525,35,2,203.08,58,2,4,0.044,0.714,1,0
CUST-00526,27,2,111.47,125,6,2,0.308,0.753,0,0
CUST-00527,25,3,130.74,113,2,2,0.66,0.612,0,0
CUST-00528,10,3,75.6,34,2,2,0.966,0.787,0,0
CUST-00529,11,4,72.71,160,4,3,0.85,0.687,0,0
CUST-00530,10,2,161.7,99,1,1,0.771,0.422,1,0
CUST-00531,12,3,85.32,138,2,3,0.094,0.402,0,0
CUST-00532,19,5,430.84,56,6,3,0.838,0.952,0,0
CUST-00533,4,2,109.01,53,5,4,0.271,0.535,0,0
CUST-00534,6,4,119.51,6,5,4,0.692,0.07,2,0
CUST-00535,9,5,198.65,82,5,4,0.935,0.82,0,0
CUST-00536,26,3,169.16,47,4,2,0.523,0.493,1,0
CUST-00537,28,4,200.58,29,3,1,0.4,0.944,2,0
CUST-00538,7,1,171.53,126,1,4,0.108,0.305,0,1
CUST-00539,8,4,60.53,36,6,3,0.016,0.664,0,0
CUST-00540,8,4,126.73,13,4,4,0.105,0.913,2,0
CUST-00541,5,3,169.22,122,3,1,0.023,0.634,0,0
CUST-00542,12,5,81.53,151,5,1,0.73,0.801,1,0
CUST-00543,25,4,131.33,54,4,2,0.091,0.485,2,0
CUST-00544,9,6,266.3,28,3,4,0.004,0.818,0,0
CUST-00545,31,2,167.34,155,6,3,0.08,0.188,0,0
CUST-00546,23,7,116.22,31,4,1,0.947,0.34,1,0
CUST-00547,27,5,155.33,8,1,2,0.493,0.422,1,0
CUST-00548,32,4,295.86,45,3,1,0.036,0.313,1,0
CUST-00549,21,3,334.6,92,4,1,0.9,0.989,0,0
CUST-00550,17,7,169.46,153,4,3,0.338,0.678,1,0
CUST-00551,28,4,65.27,121,5,1,0.805,0.399,0,0
CUST-00552,23,4,130.51,74,1,4,0.586,0.862,1,0
CUST-00553,13,4,291.36,68,4,4,0.961,0.626,0,0
CUST-00554,20,4,98.12,66,4,1,0.966,0.235,0,0
CUST-00555,14,1,178.84,29,1,3,0.479,0.038,0,0
CUST-00556,7,2,75.64,70,2,3,0.685,0.962,0,0
CUST-00557,1,3,166.19,157,2,2,0.225,0.257,1,0
CUST-00558,27,1,92.35,33,6,1,0.38,0.867,2,0
CUST-00559,19,3,171.09,113,1,4,0.407,0.22,0,0
CUST-00560,5,3,256.08,71,6,1,0.282,0.645,1,0
CUST-00561,16,2,177.61,173,6,2,0.974,0.957,0,0
CUST-00562,33,4,109.36,72,6,3,0.057,0.404,0,0
CUST-00563,7,2,169.37,74,1,2,0.12,0.158,1,0
CUST-00564,18,2,144.09,6,5,1,0.429,0.506,0,0
CUST-00565,14,2,110.57,99,5,1,0.581,0.432,1,0
CUST-00566,6,0,174.1,27,1,2,0.999,0.597,1,0
CUST-00567,27,5,344.47,73,4,1,0.763,0.77,0,0
CUST-00568,16,0,117.49,141,5,2,0.896,0.034,2,0
CUST-00569,13,7,77.77,152,5,4,0.071,0.712,3,0
CUST-00570,9,6,70.72,59,6,2,0.891,0.562,0,0
CUST-00571,10,1,267.33,10,1,4,0.306,0.049,0,0
CUST-00572,30,4,76.65,132,6,2,0.847,0.383,1,0
CUST-00573,34,2,124.59,112,1,3,0.796,0.698,0,0
CUST-00574,8,3,234.29,107,5,4,0.753,0.136,0,0
CUST-00575,15,4,156.51,167,2,4,0.671,0.984,0,0
CUST-00576,20,1,129.76,10,5,4,0.112,0.37,0,0
CUST-00577,18,2,213.49,54,3,1,0.328,0.683,1,0
CUST-00578,9,3,271.71,155,2,1,0.864,0.024,0,0
CUST-00579,17,4,179.96,19,2,3,0.685,0.586,1,0
CUST-00580,24,2,81.68,157,3,2,0.156,0.296,1,0
CUST-00581,3,2,143.0,105,2,2,0.765,0.686,1,0
CUST-00582,15,0,122.71,150,4,4,0.049,0.928,0,0
CUST-00583,15,3,140.49,2,2,2,0.198,0.014,1,0
CUST-00584,10,2,141.54,46,5,3,0.157,0.351,0,0
CUST-00585,4,6,117.23,52,4,4,0.533,0.205,3,0
CUST-00586,2,3,33.45,174,3,2,0.615,0.488,1,1
CUST-00587,34,3,158.55,106,5,3,0.685,0.568,2,0
CUST-00588,23,1,160.58,18,6,2,0.988,0.193,0,0
CUST-00589,1,1,164.17,116,5,4,0.874,0.975,1,1
CUST-00590,9,4,141.0,1,5,3,0.694,0.986,0,0
CUST-00591,28,3,144.15,20,4,1,0.119,0.566,1,0
CUST-00592,30,0,112.8,144,3,2,0.243,0.182,0,0
CUST-00593,35,3,91.51,135,6,4,0.124,0.501,0,0
CUST-00594,18,1,65.37,40,1,1,0.389,0.86,1,0
CUST-00595,17,1,104.63,9,3,3,0.362,0.531,1,0
CUST-00596,8,2,58.45,98,3,1,0.983,0.85,0,0
CUST-00597,16,5,87.51,173,1,4,0.696,0.76,0,0
CUST-00598,21,1,134.74,87,2,3,0.108,0.972,0,0
CUST-00599,25,6,117.82,25,3,1,0.794,0.102,1,0
CUST-00600,19,1,225.12,24,5,1,0.411,0.041,0,0
CUST-00601,32,0,163.48,75,3,1,0.957,0.498,1,0
CUST-00602,1,3,293.55,119,4,3,0.47,0.91,1,0
CUST-00603,32,3,110.43,125,2,2,0.315,0.58,1,0
CUST-00604,7,5,161.56,105,5,1,0.026,0.242,0,0
CUST-00605,19,6,134.04,27,3,2,0.336,0.043,1,0
CUST-00606,11,2,282.36,179,5,2,0.172,0.3,1,0
CUST-00607,14,2,167.99,39,1,4,0.749,0.275,1,0
CUST-00608,9,5,49.13,80,2,3,0.443,0.163,0,0
CUST-00609,28,2,122.82,33,1,2,0.247,0.403,0,0
CUST-00610,35,2,182.54,94,3,3,0.741,0.707,2,0
CUST-00611,16,2,190.85,43,4,1,0.967,0.184,0,0
CUST-00612,30,0,122.22,43,3,4,0.69,0.806,0,0
CUST-00613,8,5,175.63,52,5,3,0.921,0.661,0,0
CUST-00614,23,1,315.42,6,2,1,0.394,0.073,2,0
CUST-00615,14,7,165.35,53,6,4,0.884,0.542,1,0
CUST-00616,16,3,209.51,11,1,3,0.807,0.584,1,0
CUST-00617,14,3,125.9,171,3,3,0.449,0.494,1,0
CUST-00618,32,4,160.47,129,4,1,0.474,0.193,1,0
CUST-00619,10,1,125.27,41,2,4,0.637,0.852,0,0
CUST-00620,23,1,211.08,14,5,3,0.467,0.071,0,0
CUST-00621,17,6,136.84,74,6,3,0.976,0.179,0,0
CUST-00622,11,2,115.92,106,6,2,0.538,0.254,0,0
CUST-00623,29,3,72.51,135,5,2,0.948,0.893,0,0
CUST-00624,22,3,229.21,27,2,3,0.241,0.368,0,0
CUST-00625,2,2,104.71,4,5,3,0.682,0.05,1,0
CUST-00626,5,4,124.6,100,2,2,0.935,0.348,1,0
CUST-00627,1,3,55.06,59,6,3,0.748,0.511,0,0
CUST-00628,24,1,189.01,110,4,1,0.587,0.103,0,0
CUST-00629,28,2,106.74,109,1,4,0.965,0.271,0,0
CUST-00630,5,5,195.69,3,4,4,0.815,0.431,0,0
CUST-00631,12,4,108.25,55,4,4,0.03,0.732,3,0
CUST-00632,32,4,184.28,73,1,3,0.677,0.27,1,0
CUST-00633,7,1,225.19,141,2,4,0.187,0.103,0,0
CUST-00634,17,1,212.61,39,2,1,0.901,0.751,0,0
CUST-00635,24,1,111.44,96,5,1,0.971,0.764,0,0
CUST-00636,6,1,191.67,64,3,3,0.538,0.149,0,0
CUST-00637,25,1,98.37,60,3,1,0.365,0.456,1,0
CUST-00638,11,3,150.31,161,5,3,0.539,0.616,0,0
CUST-00639,21,2,145.37,28,5,2,0.806,0.094,0,0
CUST-00640,6,2,70.63,19,6,4,0.535,0.02,0,0
CUST-00641,23,0,76.06,62,4,3,0.869,0.334,0,0
CUST-00642,26,3,273.5,124,3,4,0.683,0.962,1,0
CUST-00643,21,2,101.41,78,1,3,0.582,0.005,1,0
CUST-00644,18,3,97.8,179,3,4,0.687,0.384,0,0
CUST-00645,32,1,353.0,37,4,2,0.29,0.346,0,0
CUST-00646,24,2,205.1,58,1,2,0.583,0.416,1,0
CUST-00647,21,2,105.11,174,5,3,0.184,0.739,0,0
CUST-00648,25,3,121.25,98,6,1,0.502,0.605,1,0
CUST-00649,21,0,159.79,48,5,4,0.002,0.795,0,0
CUST-00650,2,3,103.73,145,2,3,0.262,0.898,1,0
CUST-00651,35,4,116.18,158,3,4,0.621,0.312,0,0
CUST-00652,24,3,157.15,4,2,2,0.498,0.566,0,0
CUST-00653,13,1,195.77,139,5,3,0.111,0.347,0,0
CUST-00654,1,2,180.6,5,5,2,0.845,0.195,0,0
CUST-00655,27,1,214.44,37,5,3,0.939,0.335,1,0
CUST-00656,7,1,105.2,167,3,4,0.823,0.961,0,0
CUST-00657,23,2,128.71,12,6,1,0.126,0.769,1,0
CUST-00658,22,4,56.96,131,5,4,0.367,0.288,0,0
CUST-00659,16,3,81.2,11,6,4,0.203,0.139,1,0
CUST-00660,3,4,205.92,160,3,4,0.149,0.059,0,0
CUST-00661,29,3,80.84,123,3,1,0.049,0.491,1,0
CUST-00662,11,0,165.46,153,6,3,0.589,0.701,0,1
CUST-00663,19,2,60.98,99,4,3,0.141,0.75,0,0
CUST-00664,18,3,188.35,13,4,2,0.341,0.186,0,0
CUST-00665,7,1,221.87,27,2,4,0.557,0.125,1,0
CUST-00666,24,2,74.75,98,6,3,0.978,0.817,0,0
CUST-00667,2,3,165.39,63,6,2,0.098,0.172,0,0
CUST-00668,23,2,171.64,112,4,4,0.211,0.867,1,0
CUST-00669,10,4,181.42,48,4,4,0.914,0.366,2,0
CUST-00670,13,4,68.5,172,1,2,0.257,0.327,0,0
CUST-00671,24,5,83.95,163,2,1,0.308,0.478,0,0
CUST-00672,35,7,88.1,161,1,3,0.812,0.074,0,0
CUST-00673,18,8,182.2,123,3,2,0.429,0.564,0,0
CUST-00674,29,5,84.54,120,1,3,0.682,0.075,0,0
CUST-00675,17,3,169.44,34,1,4,0.459,0.663,0,0
CUST-00676,30,4,118.16,102,4,2,0.374,0.027,1,0
CUST-00677,19,4,43.72,74,1,3,0.577,0.102,1,0
CUST-00678,30,2,96.41,84,4,1,0.834,0.561,1,0
CUST-00679,29,1,215.96,78,4,3,0.288,0.927,0,0
CUST-00680,31,1,113.92,125,6,4,0.572,0.158,1,0
CUST-00681,23,1,198.72,53,3,1,0.688,0.512,0,0
CUST-00682,25,2,186.51,19,6,1,0.128,0.146,0,0
CUST-00683,5,2,87.88,114,3,1,0.741,0.515,1,0
CUST-00684,21,1,253.22,78,5,4,0.208,0.489,0,0
CUST-00685,33,3,107.05,119,1,1,0.803,0.454,0,0
CUST-00686,5,0,115.02,47,5,4,0.667,0.353,0,0
CUST-00687,11,5,172.51,89,4,3,0.211,0.774,1,0
CUST-00688,35,5,160.13,175,2,1,0.636,0.28,1,0
CUST-00689,29,6,162.18,24,6,1,0.962,0.831,0,0
CUST-00690,9,3,143.56,46,2,1,0.158,0.897,0,0
CUST-00691,3,4,75.62,75,6,1,0.453,0.677,0,0
CUST-00692,22,5,79.45,121,1,4,0.334,0.209,1,0
CUST-00693,17,2,240.13,24,3,3,0.426,0.679,0,0
CUST-00694,18,4,162.19,127,5,2,0.396,0.638,0,0
CUST-00695,12,6,44.97,83,6,1,0.653,0.234,0,0
CUST-00696,6,4,189.11,152,2,2,0.491,0.605,0,0
CUST-00697,1,4,142.36,108,2,3,0.745,0.48,0,0
CUST-00698,17,4,118.65,172,3,4,0.427,0.294,0,0
CUST-00699,32,6,111.43,110,1,4,0.408,0.943,0,0
CUST-00700,28,3,239.76,88,2,2,0.102,0.752,1,0
CUST-00701,33,2,72.43,44,3,4,0.057,0.494,0,0
CUST-00702,9,4,53.59,63,2,2,0.256,0.089,0,0
CUST-00703,12,5,369.02,22,3,1,0.684,0.011,2,0
CUST-00704,30,1,93.03,92,1,4,0.203,0.082,0,0
CUST-00705,23,3,121.79,59,4,1,0.458,0.881,0,0
CUST-00706,23,1,10.61,172,2,2,0.75,0.731,0,1
CUST-00707,13,4,232.69,165,1,3,0.511,0.457,0,0
CUST-00708,20,5,119.11,93,5,3,0.947,0.467,1,0
CUST-00709,27,2,194.81,98,3,3,0.43,0.283,1,0
CUST-00710,6,1,89.26,59,2,1,0.895,0.681,2,0
CUST-00711,1,1,136.65,74,1,2,0.723,0.708,0,0
CUST-00712,11,1,185.68,75,5,3,0.888,0.631,0,0
CUST-00713,2,1,143.09,5,6,3,0.149,0.17,0,0
CUST-00714,20,5,136.16,13,5,3,0.797,0.053,0,0
CUST-00715,3,2,121.54,87,3,4,0.285,0.186,1,0
CUST-00716,21,2,220.35,130,5,3,0.907,0.68,1,0
CUST-00717,30,3,105.04,74,2,3,0.29,0.709,0,0
CUST-00718,19,4,60.66,31,6,3,0.747,0.565,1,0
CUST-00719,22,2,237.0,125,4,1,0.184,0.737,0,0
CUST-00720,29,4,186.15,96,2,4,0.717,0.64,0,0
CUST-00721,10,3,183.37,78,2,2,0.263,0.426,1,0
CUST-00722,18,3,118.4,3,5,4,0.495,0.845,0,0
CUST-00723,17,1,60.52,162,5,3,0.985,0.663,1,0
CUST-00724,9,5,106.46,82,4,3,0.92,0.592,0,0
CUST-00725,14,2,116.74,136,2,4,0.114,0.668,0,0
CUST-00726,32,3,284.24,3,1,2,0.306,0.613,1,0
CUST-00727,30,6,106.17,79,4,3,0.454,0.173,2,0
CUST-00728,17,1,84.4,22,6,1,0.557,0.732,0,0
CUST-00729,28,6,103.05,67,5,2,0.39,0.711,1,0
CUST-00730,22,6,219.46,59,2,4,0.818,0.048,1,0
CUST-00731,9,4,99.94,13,4,4,0.356,0.326,0,0
CUST-00732,13,3,102.35,146,2,3,0.619,0.894,0,0
CUST-00733,7,1,87.72,111,5,1,0.535,0.671,0,1
CUST-00734,22,3,271.87,41,6,1,0.0,0.263,0,0
CUST-00735,6,2,111.09,113,3,4,0.849,0.381,1,0
CUST-00736,6,5,225.0,172,5,3,0.315,0.919,0,0
CUST-00737,20,5,212.9,146,2,3,0.582,0.665,1,0
CUST-00738,24,3,90.64,175,3,3,0.94,0.745,0,0
CUST-00739,17,3,282.3,27,4,2,0.452,0.764,2,0
CUST-00740,22,2,155.04,152,6,1,0.94,0.175,2,0
CUST-00741,26,0,83.95,112,2,2,0.381,0.906,1,0
CUST-00742,6,0,167.55,24,5,2,0.274,0.333,0,0
CUST-00743,15,5,118.48,67,2,2,0.911,0.227,0,0
CUST-00744,11,3,125.5,120,6,3,0.948,0.902,0,0
CUST-00745,14,2,133.64,118,2,4,0.562,0.923,1,0
CUST-00746,18,6,280.15,103,3,2,0.142,0.332,0,0
CUST-00747,33,3,130.42,90,4,1,0.24,0.458,0,0
CUST-00748,30,4,148.6,148,3,2,0.626,0.082,0,0
CUST-00749,21,2,90.06,118,1,4,0.862,0.846,1,0
CUST-00750,21,3,121.79,170,2,1,0.943,0.308,0,0
CUST-00751,26,6,169.73,168,3,1,0.586,0.88,0,0
CUST-00752,23,3,195.95,98,4,3,0.737,0.055,0,0
CUST-00753,3,3,97.12,67,3,1,0.643,0.102,1,0
CUST-00754,29,3,230.42,31,5,1,0.09,0.344,0,0
CUST-00755,25,5,125.28,27,4,2,0.97,0.63,0,0
CUST-00756,7,3,60.76,95,1,4,0.717,0.173,1,0
CUST-00757,19,3,130.87,44,6,1,0.545,0.529,1,0
CUST-00758,5,4,141.86,179,5,1,0.085,0.772,1,0
CUST-00759,2,1,89.62,159,4,3,0.074,0.065,1,1
CUST-00760,1,3,321.77,37,2,2,0.822,0.824,0,0
CUST-00761,9,2,152.52,144,1,4,0.256,0.928,2,0
CUST-00762,27,6,105.17,68,3,2,0.581,0.176,0,0
CUST-00763,28,0,123.34,86,5,1,0.613,0.473,0,0
CUST-00764,19,1,217.3,120,4,4,0.233,0.31,1,0
CUST-00765,17,3,96.98,129,1,4,0.104,0.374,0,0
CUST-00766,18,3,104.63,14,5,1,0.32,0.239,0,0
CUST-00767,32,3,198.47,88,1,1,0.347,0.557,0,0
CUST-00768,24,6,170.5,134,5,4,0.827,0.981,0,0
CUST-00769,20,3,94.66,141,6,4,0.772,0.914,0,0
CUST-00770,28,3,197.19,31,4,1,0.272,0.113,1,0
CUST-00771,19,2,91.86,78,1,4,0.346,0.283,0,0
CUST-00772,28,2,175.86,52,2,4,0.633,0.284,0,0
CUST-00773,6,6,116.43,165,3,2,0.921,0.4,1,0
CUST-00774,31,0,195.12,55,4,2,0.178,0.205,1,0
CUST-00775,32,1,152.43,144,6,1,0.034,0.821,0,1
CUST-00776,31,7,245.16,98,6,1,0.25,0.166,0,0
CUST-00777,23,2,220.53,171,6,1,0.922,0.088,0,0
CUST-00778,25,3,89.94,69,3,2,0.867,0.244,0,0
CUST-00779,18,2,255.22,170,5,2,0.733,0.332,1,0
CUST-00780,7,2,109.95,122,3,1,0.407,0.761,1,0
CUST-00781,14,1,109.4,140,5,4,0.95,0.04,1,0
CUST-00782,15,3,60.57,94,2,3,0.139,0.635,0,0
CUST-00783,23,6,105.56,167,4,1,0.322,0.451,1,0
CUST-00784,20,4,168.24,128,6,2,0.683,0.548,1,0
CUST-00785,20,1,226.96,76,4,2,0.065,0.084,0,0
CUST-00786,28,2,58.08,165,4,4,0.517,0.118,0,0
CUST-00787,17,2,195.77,161,5,2,0.643,0.049,0,0
CUST-00788,4,1,177.48,113,1,4,0.556,0.849,0,1
CUST-00789,35,2,108.38,123,4,3,0.406,0.788,0,0
CUST-00790,11,2,151.78,60,4,4,0.363,0.603,0,0
CUST-00791,22,0,73.55,33,1,2,0.592,0.196,0,0
CUST-00792,34,4,143.14,102,5,3,0.527,0.795,1,0
CUST-00793,19,2,296.74,157,1,1,0.325,0.511,0,0
CUST-00794,31,3,184.85,48,4,2,0.746,0.085,0,0
CUST-00795,35,2,119.1,37,1,3,0.534,0.737,2,0
CUST-00796,17,1,150.17,122,2,4,0.52,0.737,1,0
CUST-00797,31,4,194.07,53,1,2,0.658,0.864,1,0
CUST-00798,15,2,99.27,170,4,3,0.772,0.494,0,0
CUST-00799,5,8,97.12,108,6,2,0.014,0.555,0,0
CUST-00800,8,1,88.96,123,6,1,0.898,0.288,0,1
CUST-00801,33,2,125.52,143,4,1,0.748,0.45,1,0
CUST-00802,15,2,180.17,47,5,4,0.826,0.502,1,0
CUST-00803,16,5,223.54,179,1,2,0.763,0.267,1,0
CUST-00804,20,6,141.5,49,2,4,0.558,0.123,1,0
CUST-00805,9,2,217.9,28,4,3,0.463,0.419,1,0
CUST-00806,21,2,42.04,100,3,4,0.043,0.743,3,0
CUST-00807,32,2,177.91,137,1,1,0.563,0.921,0,0
CUST-00808,31,3,237.97,156,5,4,0.933,0.058,1,0
CUST-00809,1,1,192.85,122,1,3,0.087,0.442,0,1
CUST-00810,13,2,42.36,108,1,4,0.492,0.565,0,0
CUST-00811,7,5,138.7,12,2,4,0.674,0.709,1,0
CUST-00812,3,4,95.38,58,6,2,0.2,0.729,0,0
CUST-00813,28,3,172.96,59,3,2,0.831,0.058,0,0
CUST-00814,24,2,82.93,145,2,3,0.385,0.593,0,0
CUST-00815,7,2,133.32,96,3,3,0.881,0.897,0,0
CUST-00816,1,5,283.53,86,4,3,0.695,0.035,2,0
CUST-00817,32,5,231.15,52,3,1,0.811,0.296,1,0
CUST-00818,10,2,398.25,114,5,1,0.652,0.218,0,0
CUST-00819,20,6,66.96,112,4,1,0.862,0.904,0,0
CUST-00820,18,2,60.15,18,6,2,0.624,0.38,0,0
CUST-00821,25,1,243.72,118,5,1,0.095,0.704,1,0
CUST-00822,21,2,25.25,33,4,2,0.802,0.533,0,0
CUST-00823,14,5,44.05,84,4,3,0.809,0.628,2,0
CUST-00824,13,1,176.08,90,4,3,0.998,0.64,1,0
CUST-00825,14,2,187.73,40,5,3,0.042,0.237,0,0
CUST-00826,26,4,262.59,87,1,1,0.947,0.082,0,0
CUST-00827,4,5,153.22,1,5,2,0.371,0.566,1,0
CUST-00828,8,3,149.15,40,6,2,0.255,0.76,1,0
CUST-00829,8,1,219.93,132,3,4,0.777,0.532,1,1
CUST-00830,25,4,226.3,36,1,4,0.132,0.901,1,0
CUST-00831,33,4,147.48,128,2,4,0.099,0.105,0,0
CUST-00832,15,5,284.56,179,3,4,0.519,0.126,1,0
CUST-00833,6,2,255.59,82,6,4,0.732,0.056,1,0
CUST-00834,4,5,55.84,154,3,3,0.23,0.792,0,0
CUST-00835,18,2,193.94,48,6,3,0.939,0.845,0,0
CUST-00836,4,2,117.57,176,1,1,0.823,0.754,0,0
CUST-00837,2,2,93.26,19,1,2,0.943,0.561,0,0
CUST-00838,32,1,84.71,107,3,1,0.467,0.334,0,0
CUST-00839,9,2,247.68,160,3,3,0.249,0.558,0,0
CUST-00840,34,3,111.38,26,3,4,0.475,0.14,0,0
CUST-00841,22,3,115.01,66,4,2,0.719,0.291,1,0
CUST-00842,16,6,79.3,144,5,4,0.222,0.263,0,0
CUST-00843,23,3,139.43,178,1,2,0.324,0.092,1,0
CUST-00844,26,2,78.9,140,4,2,0.185,0.539,0,0
CUST-00845,20,2,208.82,8,1,1,0.771,0.937,0,0
CUST-00846,29,3,113.59,97,1,3,0.605,0.241,2,0
CUST-00847,30,3,194.56,12,1,4,0.245,0.706,0,0
CUST-00848,16,2,119.59,9,4,2,0.593,0.377,0,0
CUST-00849,8,4,77.83,154,3,4,0.712,0.806,0,0
CUST-00850,16,4,190.48,111,3,1,0.801,0.089,0,0
CUST-00851,10,1,134.43,72,2,4,0.445,0.66,1,0
CUST-00852,35,1,237.0,38,2,4,0.914,0.528,0,0
CUST-00853,17,5,207.24,137,4,1,0.662,0.939,1,0
CUST-00854,9,4,100.08,109,3,2,0.804,0.838,0,0
CUST-00855,24,1,76.64,87,2,1,0.949,0.612,1,0
CUST-00856,23,2,220.06,103,5,4,0.947,0.162,0,0
CUST-00857,4,3,66.96,161,4,4,0.029,0.203,1,0
CUST-00858,3,6,219.59,178,2,1,0.455,0.311,0,0
CUST-00859,23,5,121.44,63,1,2,0.391,0.38,1,0
CUST-00860,1,4,316.96,84,6,1,0.765,0.778,0,0
CUST-00861,14,2,214.61,130,1,2,0.705,0.643,0,0
CUST-00862,6,4,99.32,68,5,1,0.431,0.726,1,0
CUST-00863,5,5,88.91,61,5,1,0.289,0.962,1,0
CUST-00864,18,3,210.65,44,1,3,0.934,0.203,0,0
CUST-00865,30,3,72.83,111,1,2,0.831,0.65,0,0
CUST-00866,1,0,188.3,86,4,1,0.813,0.32,1,0
CUST-00867,12,9,42.65,37,1,3,0.08,0.648,1,0
CUST-00868,10,3,156.15,174,5,3,0.249,0.364,0,0
CUST-00869,3,1,88.18,101,3,2,0.44,0.301,0,0
CUST-00870,7,2,185.27,6,4,1,0.441,0.274,0,0
CUST-00871,25,0,127.26,31,4,3,0.228,0.478,0,0
CUST-00872,12,4,166.45,143,5,1,0.593,0.459,0,0
CUST-00873,33,4,167.87,138,5,2,0.816,0.978,1,0
CUST-00874,4,4,183.31,129,5,2,0.793,0.823,0,0
CUST-00875,15,1,199.18,139,1,3,0.13,0.259,0,0
CUST-00876,26,2,153.15,125,2,1,0.448,0.374,1,0
CUST-00877,19,4,178.07,152,4,4,0.752,0.327,0,0
CUST-00878,16,4,95.15,54,1,2,0.44,0.747,0,0
CUST-00879,1,6,129.48,90,4,1,0.292,0.759,0,0
CUST-00880,19,2,172.63,13,6,1,0.9,0.905,0,0
CUST-00881,34,6,242.38,89,4,3,0.1,0.573,1,0
CUST-00882,18,3,192.18,153,6,2,0.179,0.516,0,0
CUST-00883,6,3,247.27,163,5,2,0.299,0.014,1,0
CUST-00884,28,2,156.13,143,6,4,0.656,1.0,0,0
CUST-00885,11,4,199.59,47,5,4,0.831,0.011,1,0
CUST-00886,34,2,164.79,5,3,4,0.793,0.553,0,0
CUST-00887,23,8,82.85,142,1,4,0.915,0.482,0,0
CUST-00888,14,2,98.44,161,3,3,0.635,0.558,0,0
CUST-00889,29,4,164.24,70,4,3,0.44,0.066,0,0
CUST-00890,28,7,128.87,23,1,4,0.241,0.2,1,0
CUST-00891,34,4,360.58,71,3,3,0.034,0.197,0,0
CUST-00892,3,3,90.2,70,1,4,0.269,0.748,1,0
CUST-00893,27,5,79.54,144,4,3,0.705,0.947,0,0
CUST-00894,5,0,151.51,25,1,3,0.049,0.099,1,0
CUST-00895,24,1,67.98,143,6,4,0.815,0.744,0,0
CUST-00896,7,3,166.64,12,6,2,0.824,0.436,1,0
CUST-00897,25,1,107.22,9,5,4,0.25,0.86,2,0
CUST-00898,19,2,82.99,148,5,3,0.237,0.323,1,0
CUST-00899,33,2,122.12,49,4,1,0.541,0.434,0,0
CUST-00900,34,5,156.94,46,6,3,0.312,0.135,1,0
CUST-00901,32,2,151.33,28,5,2,0.861,0.861,0,0
CUST-00902,9,3,247.12,80,6,4,0.965,0.253,1,0
CUST-00903,16,2,101.89,50,5,3,0.219,0.461,2,0
CUST-00904,33,4,60.62,120,4,3,0.314,0.539,0,0
CUST-00905,31,2,111.65,146,4,2,0.468,0.841,0,0
CUST-00906,7,3,67.78,24,3,2,0.195,0.084,0,0
CUST-00907,9,2,146.66,20,3,3,0.825,0.534,0,0
CUST-00908,17,3,226.61,105,3,4,0.494,0.927,1,0
CUST-00909,16,8,98.05,25,1,2,0.236,0.737,0,0
CUST-00910,29,2,249.37,70,4,1,0.085,0.994,0,0
CUST-00911,29,3,250.51,175,3,3,0.243,0.081,0,0
CUST-00912,11,3,350.05,82,6,2,0.811,0.328,0,0
CUST-00913,4,1,249.85,41,5,1,0.497,0.532,3,0
CUST-00914,7,2,91.88,145,5,1,0.639,0.965,2,0
CUST-00915,24,3,279.66,96,5,4,0.724,0.522,0,0
CUST-00916,21,4,264.5,90,3,2,0.868,0.513,1,0
CUST-00917,25,1,157.4,102,4,1,0.58,0.724,3,0
CUST-00918,15,4,182.53,72,5,4,0.797,0.146,1,0
CUST-00919,27,7,126.02,52,3,2,0.018,0.067,0,0
CUST-00920,12,5,170.07,93,1,3,0.108,0.648,0,0
CUST-00921,23,4,205.99,37,3,1,0.271,0.13,1,0
CUST-00922,13,7,39.29,146,5,3,0.049,0.013,2,0
CUST-00923,8,0,181.25,32,3,4,0.155,0.013,0,0
CUST-00924,31,1,176.62,51,4,4,0.118,0.553,0,0
CUST-00925,14,1,104.89,106,1,3,0.397,0.439,0,0
CUST-00926,23,2,262.73,73,1,4,0.545,0.212,0,0
CUST-00927,21,4,240.17,58,2,2,0.101,0.215,0,0
CUST-00928,5,4,190.56,127,1,2,0.697,0.632,0,0
CUST-00929,15,0,148.49,31,3,4,0.74,0.304,0,0
CUST-00930,17,3,94.05,73,3,3,0.317,0.233,0,0
CUST-00931,3,1,151.86,98,6,3,0.23,0.694,1,0
CUST-00932,34,2,157.83,130,3,4,0.776,0.603,0,0
CUST-00933,27,8,236.01,171,6,2,0.723,0.396,0,0
CUST-00934,21,1,225.83,9,2,2,0.65,0.185,0,0
CUST-00935,32,2,71.39,83,4,4,0.589,0.915,1,0
CUST-00936,23,3,194.67,171,4,1,0.322,0.612,0,0
CUST-00937,22,2,135.69,125,2,2,0.378,0.072,0,0
CUST-00938,15,1,263.02,174,5,4,0.794,0.234,1,0
CUST-00939,15,5,84.26,176,2,2,0.772,0.22,0,0
CUST-00940,11,1,115.39,101,5,3,0.688,0.088,2,1
CUST-00941,28,4,119.75,149,1,4,0.513,0.74,0,0
CUST-00942,14,4,226.02,47,1,3,0.218,0.837,0,0
CUST-00943,5,3,118.74,150,2,4,0.788,0.653,0,0
CUST-00944,23,1,111.54,16,2,4,0.026,0.336,1,0
CUST-00945,24,3,127.48,124,6,1,0.17,0.094,0,0
CUST-00946,24,4,144.45,148,5,3,0.613,0.701,0,0
CUST-00947,9,4,76.93,158,3,4,0.118,0.656,0,0
CUST-00948,24,4,174.84,76,5,2,0.873,0.073,0,0
CUST-00949,28,1,78.0,169,2,4,0.58,0.199,0,0
CUST-00950,2,5,98.02,98,3,3,0.435,0.606,0,0
CUST-00951,9,1,205.54,124,1,2,0.113,0.14,0,1
CUST-00952,33,6,235.64,177,1,4,0.658,0.713,1,0
CUST-00953,5,6,95.88,87,4,3,0.128,0.109,3,0
CUST-00954,25,2,152.12,100,2,3,0.183,0.794,1,0
CUST-00955,8,3,56.86,132,2,3,0.071,0.938,1,0
CUST-00956,10,3,185.99,82,1,3,0.472,0.735,0,0
CUST-00957,11,2,157.87,83,3,1,0.282,0.65,1,0
CUST-00958,6,1,232.37,164,6,1,0.352,0.96,1,1
CUST-00959,6,2,353.71,74,1,2,0.475,0.695,0,0
CUST-00960,20,3,186.02,86,2,1,0.692,0.425,0,0
CUST-00961,26,2,81.95,55,3,4,0.461,0.358,0,0
CUST-00962,8,4,389.87,96,1,3,0.231,0.21,0,0
CUST-00963,11,5,258.42,23,6,2,0.437,0.674,1,0
CUST-00964,13,3,68.44,129,1,3,0.518,0.82,1,0
CUST-00965,30,3,120.6,52,6,1,0.999,0.712,0,0
CUST-00966,6,1,112.54,139,1,4,0.218,0.941,1,1
CUST-00967,26,5,127.16,132,3,1,0.783,0.732,1,0
CUST-00968,34,1,37.24,143,1,2,0.984,0.185,0,1
CUST-00969,31,2,138.15,150,6,3,0.885,0.599,0,0
CUST-00970,14,2,177.65,4,3,1,0.101,0.106,0,0
CUST-00971,21,4,150.17,132,5,3,0.445,0.745,0,0
CUST-00972,7,2,165.62,70,6,2,0.67,0.777,0,0
CUST-00973,16,6,184.06,176,5,4,0.367,0.647,0,0
CUST-00974,19,2,206.23,111,1,1,0.478,0.435,0,0
CUST-00975,28,5,87.02,27,5,3,0.335,0.079,1,0
CUST-00976,20,2,153.08,9,3,2,0.464,0.741,0,0
CUST-00977,10,5,218.61,75,2,4,0.493,0.138,1,0
CUST-00978,26,3,126.58,169,2,1,0.609,0.88,0,0
CUST-00979,26,5,85.41,134,2,3,0.111,0.321,0,0
CUST-00980,18,2,288.48,73,6,3,0.39,0.796,1,0
CUST-00981,14,2,263.8,29,3,2,0.362,0.858,1,0
CUST-00982,21,2,194.85,1,3,3,0.497,0.645,1,0
CUST-00983,17,3,98.58,39,3,4,0.76,0.648,0,0
CUST-00984,6,3,102.92,124,2,2,0.223,0.098,0,0
CUST-00985,4,4,164.3,48,2,2,0.779,0.944,2,0
CUST-00986,22,2,72.42,87,5,4,0.353,0.904,0,0
CUST-00987,31,2,132.23,66,3,2,0.121,0.155,1,0
CUST-00988,17,3,48.01,21,2,4,0.358,0.485,0,0
CUST-00989,30,1,106.47,4,6,2,0.216,0.869,1,0
CUST-00990,1,7,143.49,172,2,3,0.39,0.662,1,0
CUST-00991,9,4,125.39,33,6,1,0.44,0.058,0,0
CUST-00992,1,1,150.94,107,6,2,0.275,0.22,0,1
CUST-00993,28,2,297.16,46,1,4,0.08,0.919,0,0
CUST-00994,3,6,164.87,37,3,1,0.426,0.6,0,0
CUST-00995,25,3,79.88,48,1,4,0.099,0.859,2,0
CUST-00996,13,3,89.61,38,5,2,0.033,0.768,0,0
CUST-00997,16,5,91.61,16,5,2,0.195,0.874,0,0
CUST-00998,14,3,108.0,100,2,2,0.168,0.448,1,0
CUST-00999,14,6,189.71,97,4,1,0.331,0.833,0,0
CUST-01000,17,2,99.72,38,5,4,0.999,0.898,0,0
CUST-01001,5,4,77.22,91,3,4,0.211,0.069,0,0
CUST-01002,12,1,103.63,132,5,4,0.677,0.511,1,1
CUST-01003,20,5,143.27,3,2,4,0.772,0.317,0,0
CUST-01004,17,2,136.81,126,2,1,0.82,0.793,1,0
CUST-01005,24,2,53.61,103,3,3,0.585,0.965,0,0
CUST-01006,14,5,71.21,4,5,1,0.248,0.833,0,0
CUST-01007,8,2,108.28,65,4,3,0.989,0.553,0,0
CUST-01008,19,4,167.45,159,6,3,0.906,0.27,0,0
CUST-01009,16,1,307.51,148,5,4,0.322,0.218,0,0
CUST-01010,30,7,108.12,65,1,2,0.161,0.466,1,0
CUST-01011,25,3,73.01,20,5,3,0.389,0.051,0,0
CUST-01012,13,3,127.52,120,1,4,0.424,0.327,2,0
CUST-01013,19,3,82.92,119,1,2,0.7,0.819,0,0
CUST-01014,15,0,142.03,24,5,4,0.182,0.204,0,0
CUST-01015,11,1,150.47,69,3,3,0.123,0.253,1,0
CUST-01016,4,1,154.38,105,3,2,0.803,0.371,2,1
CUST-01017,33,3,215.76,4,5,4,0.991,0.857,0,0
CUST-01018,23,1,107.36,93,4,2,0.852,0.381,0,0
CUST-01019,31,4,190.34,109,4,3,0.608,0.321,0,0
CUST-01020,16,1,93.69,72,3,4,0.651,0.912,0,0
CUST-01021,6,2,121.25,41,2,1,0.133,0.625,1,0
CUST-01022,21,5,112.33,172,3,4,0.95,0.344,2,0
CUST-01023,24,1,257.1,173,5,3,0.655,0.817,0,0
CUST-01024,29,2,80.65,46,5,4,0.508,0.401,1,0
CUST-01025,21,6,168.64,162,2,1,0.972,0.447,0,0
CUST-01026,7,3,160.54,90,3,3,0.73,0.628,0,0
CUST-01027,5,1,93.8,15,4,2,0.588,0.201,0,0
CUST-01028,4,2,248.33,140,4,3,0.309,0.416,2,0
CUST-01029,25,1,96.94,179,1,1,0.163,0.813,0,0
CUST-01030,2,5,218.35,64,3,3,0.287,0.377,1,0
CUST-01031,3,1,105.94,21,2,2,0.478,0.458,1,0
CUST-01032,19,4,104.97,142,1,1,0.746,0.822,1,0
CUST-01033,25,2,68.04,126,6,1,0.047,0.857,0,0
CUST-01034,3,1,156.11,17,5,1,0.753,0.781,0,0
CUST-01035,25,1,93.27,146,6,4,0.071,0.245,2,0
CUST-01036,27,3,108.63,54,5,3,0.276,0.59,0,0
CUST-01037,14,2,299.91,77,3,3,0.914,0.006,0,0
CUST-01038,31,4,88.89,34,4,1,0.64,0.91,0,0
CUST-01039,24,2,225.43,45,3,3,0.211,0.41,0,0
CUST-01040,20,2,148.16,128,6,1,0.818,0.624,0,0
CUST-01041,1,4,111.71,164,1,1,0.715,0.162,0,0
CUST-01042,7,1,101.84,171,1,4,0.321,0.187,0,1
CUST-01043,32,4,232.01,117,6,1,0.0,0.526,0,0
CUST-01044,30,3,111.89,40,5,2,0.643,0.536,1,0
CUST-01045,31,1,156.84,146,3,1,0.208,0.967,1,0
CUST-01046,28,1,195.54,133,1,4,0.71,0.358,0,0
CUST-01047,29,3,164.18,71,1,4,0.268,0.376,1,0
CUST-01048,22,4,126.16,134,2,3,0.621,0.059,1,0
CUST-01049,32,1,191.52,7,1,3,0.853,0.553,1,0
CUST-01050,8,3,346.94,96,6,3,0.55,0.508,0,0
CUST-01051,33,5,146.4,142,4,3,0.039,0.881,2,0
CUST-01052,16,7,104.34,101,3,2,0.929,0.221,0,0
CUST-01053,6,2,164.98,76,3,1,0.343,0.067,0,0
CUST-01054,15,3,158.78,164,1,3,0.124,0.113,0,0
CUST-01055,11,4,105.31,108,4,2,0.762,0.459,0,0
CUST-01056,29,8,89.48,160,2,2,0.9,0.798,0,0
CUST-01057,9,0,158.36,120,2,1,0.217,0.96,0,1
CUST-01058,8,4,134.11,1,2,4,0.943,0.87,0,0
CUST-01059,9,3,169.88,165,5,1,0.989,0.397,1,0
CUST-01060,3,1,107.54,116,2,4,0.126,0.293,0,1
CUST-01061,7,1,126.66,113,1,1,0.124,0.889,0,1
CUST-01062,20,4,45.14,26,1,2,0.848,0.421,0,0
CUST-01063,32,2,124.02,49,4,4,0.363,0.844,0,0
CUST-01064,11,3,100.81,86,5,4,0.624,0.633,0,0
CUST-01065,2,3,35.29,46,2,2,0.13,0.672,2,0
CUST-01066,30,4,174.85,50,4,2,0.564,0.174,0,0
CUST-01067,12,3,178.51,156,5,2,0.145,0.972,0,0
CUST-01068,16,3,96.43,141,1,3,0.299,0.501,1,0
CUST-01069,27,3,147.39,106,2,3,0.19,0.242,1,0
CUST-01070,14,1,47.54,43,1,3,0.117,0.52,0,0
CUST-01071,24,2,342.8,125,5,2,0.22,0.861,0,0
CUST-01072,24,2,184.17,3,1,3,0.313,0.561,0,0
CUST-01073,18,3,168.04,160,1,2,0.27,0.255,1,0
CUST-01074,30,1,116.62,129,1,2,0.15,0.177,0,0
CUST-01075,15,3,98.83,1,6,4,0.966,0.486,1,0
CUST-01076,4,0,207.89,107,4,2,0.727,0.609,1,1
CUST-01077,8,3,141.89,157,6,2,0.6,0.959,0,0
CUST-01078,6,3,265.31,6,6,4,0.455,0.236,0,0
CUST-01079,26,3,114.8,57,5,1,0.431,0.321,0,0
CUST-01080,30,3,109.07,137,2,3,0.275,0.017,0,0
CUST-01081,6,3,353.9,135,3,3,0.414,0.35,0,0
CUST-01082,33,3,125.13,35,2,1,0.005,0.804,3,0
CUST-01083,16,5,78.79,1,6,2,0.445,0.41,2,0
CUST-01084,29,2,236.52,114,1,4,0.017,0.434,0,0
CUST-01085,25,6,67.65,62,5,2,0.234,0.378,1,0
CUST-01086,1,3,93.7,2,1,1,0.105,0.307,0,0
CUST-01087,13,2,164.09,136,5,4,0.507,0.164,1,0
CUST-01088,22,5,141.44,81,4,2,0.619,0.096,0,0
CUST-01089,34,1,208.11,69,1,4,0.091,0.94,0,0
CUST-01090,13,2,71.05,136,1,3,0.008,0.187,0,0
CUST-01091,17,4,78.92,20,6,1,0.017,0.825,1,0
CUST-01092,5,7,151.48,132,6,2,0.378,0.501,0,0
CUST-01093,33,5,89.93,102,2,1,0.08,0.846,3,0
CUST-01094,3,2,121.45,174,1,4,0.116,0.017,2,0
CUST-01095,12,6,71.57,39,3,3,0.361,0.016,0,0
CUST-01096,25,3,418.83,10,6,4,0.938,0.543,3,0
CUST-01097,10,4,255.7,43,1,2,0.204,0.258,1,0
CUST-01098,1,1,97.42,145,5,3,0.929,0.598,0,1
CUST-01099,12,2,239.17,1,2,3,0.968,0.88,0,0
CUST-01100,27,0,145.08,49,1,3,0.673,0.521,1,0
CUST-01101,1,5,155.17,11,1,1,0.948,0.175,3,0
CUST-01102,29,4,198.53,164,6,3,0.125,0.336,0,0
CUST-01103,6,2,156.5,87,2,4,0.178,0.349,0,0
CUST-01104,16,5,262.97,121,3,3,0.748,0.482,0,0
CUST-01105,12,1,53.2,139,5,2,0.24,0.783,2,1
CUST-01106,22,4,58.72,164,6,3,0.291,0.751,0,0
CUST-01107,7,3,154.79,143,3,3,0.721,0.175,1,0
CUST-01108,23,4,181.14,138,1,3,0.738,0.267,0,0
CUST-01109,10,2,108.12,150,1,2,0.111,0.919,0,0
CUST-01110,14,4,148.56,76,3,2,0.392,0.67,0,0
CUST-01111,13,1,180.0,121,5,2,0.038,0.797,0,0
CUST-01112,19,4,164.12,177,2,1,0.632,0.107,0,0
CUST-01113,8,2,115.45,125,1,2,0.197,0.521,0,0
CUST-01114,32,2,98.93,68,2,3,0.539,0.461,0,0
CUST-01115,9,1,122.83,96,1,1,0.334,0.172,1,1
CUST-01116,29,4,75.1,85,5,3,0.991,0.068,0,0
CUST-01117,18,1,68.82,110,4,4,0.073,0.714,1,1
CUST-01118,34,3,174.79,38,1,3,0.996,0.617,0,0
CUST-01119,24,4,80.35,169,6,1,0.319,0.305,1,0
CUST-01120,31,3,81.82,178,1,2,0.485,0.124,1,0
CUST-01121,21,2,190.92,82,3,3,0.459,0.757,1,0
CUST-01122,26,3,179.61,8,6,2,0.657,0.424,1,0
CUST-01123,14,3,158.34,129,3,2,0.127,0.455,0,0
CUST-01124,22,2,222.43,136,5,1,0.796,0.954,2,0
CUST-01125,24,2,165.49,170,3,1,0.437,0.847,0,0
CUST-01126,12,4,272.29,29,6,4,0.181,0.034,1,0
CUST-01127,33,7,74.03,156,4,4,0.279,0.948,0,0
CUST-01128,24,4,63.58,2,2,2,0.344,0.079,1,0
CUST-01129,18,2,174.82,154,5,1,0.404,0.896,2,0
CUST-01130,5,4,102.82,69,6,4,0.122,0.946,0,0
CUST-01131,9,1,82.63,120,6,2,0.604,0.414,1,1
CUST-01132,7,3,234.03,151,1,1,0.323,0.197,0,0
CUST-01133,18,4,176.12,1,1,3,0.29,0.849,3,0
CUST-01134,9,1,78.86,143,3,4,0.696,0.4,0,0
CUST-01135,16,8,173.3,85,4,3,0.841,0.57,0,0
CUST-01136,32,4,53.83,80,1,2,0.652,0.442,0,0
CUST-01137,32,3,205.98,157,6,2,0.781,0.532,0,0
CUST-01138,19,2,124.02,110,6,1,0.947,0.09,0,0
CUST-01139,30,2,361.92,80,1,3,0.487,0.395,1,0
CUST-01140,11,2,183.3,12,4,2,0.721,0.543,0,0
CUST-01141,6,1,149.19,123,6,2,0.372,0.509,0,0
CUST-01142,26,1,115.46,121,5,3,0.981,0.624,2,0
CUST-01143,4,4,58.12,36,3,4,0.294,0.622,0,0
CUST-01144,11,3,180.01,175,2,4,0.445,0.354,0,0
CUST-01145,7,4,124.93,2,1,2,0.716,0.194,1,0
CUST-01146,19,5,157.41,85,1,3,0.008,0.005,1,0
CUST-01147,13,4,163.05,150,1,1,0.108,0.303,0,0
CUST-01148,5,3,83.58,77,6,2,0.988,0.634,1,0
CUST-01149,4,4,103.45,21,6,1,0.844,0.376,1,0
CUST-01150,25,2,87.78,20,2,3,0.833,0.534,0,0
CUST-01151,17,3,116.43,56,2,1,0.217,0.91,0,0
CUST-01152,17,4,219.68,112,1,2,0.651,0.409,0,0
CUST-01153,33,3,139.12,166,3,3,0.435,0.726,1,0
CUST-01154,23,4,106.83,80,2,4,0.299,0.318,0,0
CUST-01155,11,1,171.08,37,2,3,0.03,0.762,1,0
CUST-01156,10,7,222.82,179,3,2,0.844,0.953,1,0
CUST-01157,24,3,126.88,176,6,2,0.357,0.115,1,0
CUST-01158,14,0,169.59,63,4,3,0.13,0.725,0,0
CUST-01159,26,3,143.17,115,4,1,0.802,0.283,0,0
CUST-01160,5,1,109.55,86,5,2,0.598,0.869,1,0
CUST-01161,22,2,162.78,93,5,2,0.969,0.959,0,0
CUST-01162,9,4,179.04,150,4,2,0.383,0.866,0,0
CUST-01163,8,4,103.17,79,2,3,0.816,0.936,0,0
CUST-01164,33,4,184.02,77,3,2,0.86,0.675,0,0
CUST-01165,33,3,163.16,95,5,1,0.766,0.262,0,0
CUST-01166,17,4,48.2,179,5,3,0.278,0.82,0,0
CUST-01167,5,2,118.15,87,6,3,0.259,0.673,1,0
CUST-01168,29,3,106.48,85,4,1,0.83,0.248,0,0
CUST-01169,17,2,221.48,36,6,3,0.058,0.223,0,0
CUST-01170,6,1,59.32,134,3,1,0.866,0.278,0,1
CUST-01171,6,1,50.56,131,5,4,0.692,0.151,0,1
CUST-01172,20,4,80.83,89,5,2,0.508,0.216,1,0
CUST-01173,31,3,359.08,48,1,1,0.653,0.661,1,0
CUST-01174,17,3,272.52,128,4,2,0.314,0.871,0,0
CUST-01175,31,3,245.64,167,2,2,0.66,0.809,0,0
CUST-01176,16,2,260.56,162,2,4,0.963,0.989,0,0
CUST-01177,22,1,207.11,161,6,2,0.874,0.202,0,0
CUST-01178,29,2,152.68,41,6,3,0.046,0.022,2,0
CUST-01179,12,1,134.82,43,3,1,0.676,0.778,0,0
CUST-01180,18,3,80.52,101,3,4,0.593,0.968,0,0
CUST-01181,29,4,100.79,169,6,1,0.503,0.572,2,0
CUST-01182,13,0,164.44,176,1,2,0.956,0.494,0,0
CUST-01183,31,4,67.06,139,5,1,0.447,0.552,0,0
CUST-01184,15,7,156.93,141,5,1,0.683,0.066,0,0
CUST-01185,12,3,181.46,123,3,1,0.569,0.557,0,0
CUST-01186,5,4,89.04,48,4,1,0.86,0.146,1,0
CUST-01187,30,2,78.96,58,2,2,0.377,0.552,0,0
CUST-01188,6,1,226.34,20,1,4,0.348,0.388,0,0
CUST-01189,25,3,164.28,107,5,4,0.296,0.556,0,0
CUST-01190,24,3,66.44,36,6,4,0.863,0.393,1,0
CUST-01191,27,3,190.19,18,1,2,0.193,0.164,1,0
CUST-01192,13,1,106.39,160,1,1,0.687,0.416,1,0
CUST-01193,16,3,185.33,97,6,3,0.484,0.843,0,0
CUST-01194,32,0,113.79,176,1,2,0.624,0.06,0,0
CUST-01195,15,5,53.77,26,3,4,0.761,0.828,1,0
CUST-01196,3,2,181.65,168,2,4,0.363,0.76,1,0
CUST-01197,29,2,298.72,101,2,2,0.854,0.038,1,0
CUST-01198,35,2,44.9,60,2,3,0.116,0.044,2,0
CUST-01199,13,1,87.71,164,6,2,0.614,0.714,1,0
CUST-01200,8,1,88.65,37,3,3,0.097,0.801,1,0
CUST-01201,26,5,82.3,172,2,1,0.164,0.201,1,0
CUST-01202,14,5,161.58,32,6,1,0.718,0.037,0,0
CUST-01203,18,3,62.48,41,4,2,0.849,0.015,1,0
CUST-01204,34,2,141.03,42,6,2,0.556,0.2,0,0
CUST-01205,21,5,266.11,169,4,3,0.588,0.22,1,0
CUST-01206,23,4,59.44,170,4,2,0.991,0.904,0,0
CUST-01207,9,2,184.45,92,4,4,0.08,0.279,0,0
CUST-01208,34,3,219.23,36,2,2,0.545,0.755,0,0
CUST-01209,5,2,95.41,44,1,4,0.802,0.107,1,0
CUST-01210,30,3,80.16,120,3,4,0.558,0.728,0,0
CUST-01211,15,4,19.58,2,2,4,0.581,0.509,0,0
CUST-01212,7,3,127.07,4,2,4,0.988,0.401,1,0
CUST-01213,17,5,191.94,54,1,3,0.251,0.806,0,0
CUST-01214,25,5,88.92,139,3,1,0.399,0.849,0,0
CUST-01215,22,1,137.74,118,1,2,0.052,0.822,1,0
CUST-01216,20,7,223.35,24,4,2,0.408,0.862,0,0
CUST-01217,17,3,129.6,142,2,1,0.853,0.224,0,0
CUST-01218,28,5,304.52,110,5,1,0.971,0.044,0,0
CUST-01219,32,3,148.5,23,2,3,0.336,0.403,1,0
CUST-01220,22,2,174.52,61,6,1,0.248,0.894,1,0
CUST-01221,1,5,100.26,133,6,4,0.624,0.674,0,0
CUST-01222,11,3,69.53,112,2,1,0.048,0.29,0,0
CUST-01223,8,0,116.22,2,1,1,0.872,0.842,0,0
CUST-01224,9,3,74.13,157,5,4,0.148,0.669,1,0
CUST-01225,23,1,113.33,105,1,1,0.138,0.651,0,0
CUST-01226,27,4,98.74,7,4,4,0.543,0.332,0,0
CUST-01227,29,6,231.28,26,6,3,0.96,0.032,1,0
CUST-01228,19,6,298.13,167,3,4,0.341,0.065,0,0
CUST-01229,30,0,128.79,178,5,2,0.667,0.38,0,0
CUST-01230,22,2,140.96,93,4,1,0.508,0.374,1,0
CUST-01231,21,2,78.58,134,5,1,0.477,0.351,0,0
CUST-01232,34,7,336.07,146,6,2,0.642,0.889,0,0
CUST-01233,6,1,142.05,95,4,4,0.483,0.592,0,1
CUST-01234,29,7,184.43,109,1,2,0.596,0.763,1,0
CUST-01235,1,2,100.79,175,4,3,0.788,0.182,1,0
CUST-01236,33,2,90.42,112,3,2,0.35,0.546,0,0
CUST-01237,17,3,97.04,119,6,3,0.569,0.68,0,0
CUST-01238,5,2,136.74,58,1,3,0.665,0.459,1,0
CUST-01239,9,5,187.33,66,5,1,0.25,0.515,1,0
CUST-01240,22,5,230.17,45,6,3,0.175,0.811,0,0
CUST-01241,5,2,177.2,116,1,3,0.955,0.109,0,0
CUST-01242,18,1,107.67,101,6,2,0.045,0.91,1,0
CUST-01243,23,6,169.5,56,4,1,0.856,0.045,1,0
CUST-01244,35,5,109.42,79,5,1,0.927,0.268,1,0
CUST-01245,33,5,174.28,62,2,2,0.984,0.076,0,0
CUST-01246,5,7,89.5,124,3,4,0.794,0.873,0,0
CUST-01247,28,0,138.05,122,3,4,0.719,0.829,1,0
CUST-01248,3,4,287.89,116,1,1,0.04,0.949,1,0
CUST-01249,25,4,127.03,3,3,4,0.349,0.124,0,0
CUST-01250,30,2,200.13,163,2,2,0.191,0.228,1,0
CUST-01251,26,3,272.37,71,2,4,0.999,0.127,0,0
CUST-01252,4,7,171.66,18,3,1,0.669,0.128,0,0
CUST-01253,20,3,200.42,158,4,4,0.785,0.652,0,0
CUST-01254,31,2,172.23,27,4,4,0.319,0.332,0,0
CUST-01255,16,3,119.61,173,5,3,0.143,0.19,1,0
CUST-01256,11,6,126.67,125,1,2,0.057,0.728,1,0
CUST-01257,11,3,227.18,104,6,2,0.321,0.93,0,0
CUST-01258,14,2,227.83,66,6,1,0.796,0.467,1,0
CUST-01259,4,3,125.71,140,6,4,0.903,0.787,0,0
CUST-01260,13,3,239.31,98,6,3,0.081,0.014,0,0
CUST-01261,26,2,112.62,85,1,3,0.488,0.136,1,0
CUST-01262,8,2,147.96,163,5,4,0.32,0.692,0,0
CUST-01263,3,4,200.11,28,4,4,0.158,0.119,1,0
CUST-01264,8,5,213.01,33,5,3,0.261,0.588,0,0
CUST-01265,18,4,237.96,103,6,4,0.084,0.899,0,0
CUST-01266,26,8,300.38,79,2,1,0.339,0.179,0,0
CUST-01267,26,0,142.64,73,6,3,0.869,0.583,0,0
CUST-01268,30,2,78.78,58,2,2,0.25,0.526,2,0
CUST-01269,23,2,141.04,174,4,3,0.695,0.111,1,0
CUST-01270,13,3,91.24,55,3,4,0.545,0.467,1,0
CUST-01271,32,2,81.27,153,2,2,0.629,0.193,3,0
CUST-01272,23,3,230.35,127,4,3,0.659,0.602,0,0
CUST-01273,4,6,74.01,94,3,1,0.779,0.159,1,0
CUST-01274,5,4,249.57,31,2,4,0.331,0.299,1,0
CUST-01275,22,1,184.28,95,4,3,0.622,0.397,0,0
CUST-01276,3,2,146.71,124,5,2,0.023,0.642,0,0
CUST-01277,14,4,94.54,78,3,2,0.465,0.799,0,0
CUST-01278,6,4,187.74,111,2,2,0.741,0.416,0,0
CUST-01279,10,2,220.61,149,2,3,0.218,0.52,0,0
CUST-01280,23,2,157.09,127,2,3,0.379,0.651,0,0
CUST-01281,10,7,133.34,31,1,2,0.553,0.122,0,0
CUST-01282,10,3,116.02,36,6,1,0.413,0.511,0,0
CUST-01283,30,3,145.95,109,4,4,0.084,0.305,0,0
CUST-01284,13,4,90.28,86,3,1,0.542,0.95,0,0
CUST-01285,21,2,235.16,166,2,4,0.474,0.459,1,0
CUST-01286,14,4,106.9,37,2,1,0.638,0.809,0,0
CUST-01287,8,2,127.76,138,3,2,0.005,0.187,0,0
CUST-01288,26,4,166.58,66,3,1,0.878,0.503,0,0
CUST-01289,4,0,136.67,44,4,4,0.553,0.051,1,0
CUST-01290,31,3,62.87,93,6,1,0.122,0.62,0,0
CUST-01291,3,3,75.68,98,1,3,0.266,0.169,0,0
CUST-01292,9,0,253.71,69,2,4,0.183,0.459,0,0
CUST-01293,34,4,122.23,169,4,2,0.94,0.502,1,0
CUST-01294,12,1,191.28,90,5,4,0.821,0.564,1,0
CUST-01295,32,2,132.98,169,6,3,0.681,0.275,0,0
CUST-01296,7,1,130.17,60,6,4,0.106,0.56,3,0
CUST-01297,18,2,73.1,40,6,4,0.098,0.32,0,0
CUST-01298,23,3,218.62,84,5,3,0.437,0.95,0,0
CUST-01299,14,5,94.82,179,1,1,0.513,0.836,0,0
CUST-01300,20,1,155.14,94,3,1,0.773,0.684,1,0
CUST-01301,23,7,104.87,79,2,3,0.639,0.377,0,0
CUST-01302,32,6,109.64,123,3,3,0.992,0.928,0,0
CUST-01303,34,2,103.8,20,6,2,0.722,0.581,1,0
CUST-01304,27,3,131.0,103,2,1,0.232,0.74,1,0
CUST-01305,4,3,132.61,169,3,2,0.522,0.0,0,0
CUST-01306,34,2,32.34,7,1,4,0.326,0.778,2,0
CUST-01307,20,3,226.87,15,6,4,0.767,0.485,1,0
CUST-01308,3,2,176.59,157,4,1,0.366,0.156,0,0
CUST-01309,15,4,164.98,135,3,1,0.76,0.664,0,0
CUST-01310,33,3,158.6,115,5,1,0.897,0.358,0,0
CUST-01311,13,3,115.42,93,6,3,0.139,0.056,0,0
CUST-01312,30,1,125.81,106,6,2,0.762,0.787,0,0
CUST-01313,11,3,120.53,80,1,4,0.063,0.508,1,0
CUST-01314,26,0,129.99,174,1,2,0.171,0.122,0,0
CUST-01315,3,1,97.2,124,2,2,0.093,0.521,0,1
CUST-01316,20,4,184.58,82,3,1,0.318,0.814,1,0
CUST-01317,26,5,67.15,69,2,4,0.661,0.557,1,0
CUST-01318,25,4,183.78,57,3,3,0.449,0.669,0,0
CUST-01319,32,2,147.2,144,1,3,0.478,0.105,0,0
CUST-01320,9,2,126.13,102,6,4,0.145,0.473,0,1
CUST-01321,12,1,197.7,76,5,3,0.203,0.204,0,0
CUST-01322,10,5,142.62,61,4,1,0.845,0.963,0,0
CUST-01323,10,1,98.26,92,5,2,0.22,0.706,0,1
CUST-01324,31,2,50.52,130,4,1,0.334,0.881,0,0
CUST-01325,25,6,72.1,121,6,3,0.78,0.615,0,0
CUST-01326,9,3,121.46,95,4,3,0.502,0.802,1,0
CUST-01327,27,2,326.33,145,2,3,0.449,0.203,0,0
CUST-01328,29,2,108.06,141,2,1,0.494,0.162,0,0
CUST-01329,8,2,91.61,3,4,2,0.564,0.401,1,0
CUST-01330,11,2,55.94,64,2,2,0.69,0.256,1,0
CUST-01331,31,4,61.01,83,6,2,0.844,0.43,1,0
CUST-01332,28,5,153.65,89,2,1,0.414,0.079,2,0
CUST-01333,5,4,250.33,47,1,1,0.74,0.837,0,0
CUST-01334,13,4,107.19,35,1,3,0.731,0.412,1,0
CUST-01335,17,0,234.94,61,5,3,0.114,0.225,0,0
CUST-01336,16,3,197.19,177,5,4,0.309,0.185,1,0
CUST-01337,29,5,121.75,9,5,2,0.912,0.307,1,0
CUST-01338,30,4,190.51,163,3,1,0.638,0.713,0,0
CUST-01339,6,5,102.13,120,5,3,0.432,0.074,0,0
CUST-01340,20,2,278.59,116,4,4,0.885,0.696,1,0
CUST-01341,16,3,87.71,149,4,4,0.989,0.183,2,0
CUST-01342,11,7,307.08,109,5,1,0.453,0.87,0,0
CUST-01343,6,7,177.38,15,6,2,0.452,0.865,0,0
CUST-01344,14,1,254.23,87,5,4,0.889,0.196,1,0
CUST-01345,4,3,108.18,17,6,1,0.407,0.345,2,0
CUST-01346,31,2,53.1,70,2,1,0.287,0.614,0,0
CUST-01347,15,2,109.8,111,6,2,0.881,0.085,0,0
CUST-01348,11,3,126.13,68,3,4,0.84,0.274,1,0
CUST-01349,6,3,198.08,75,5,3,0.592,0.235,0,0
CUST-01350,31,5,142.18,83,2,1,0.953,0.069,1,0
CUST-01351,27,1,88.22,177,3,3,0.669,0.326,0,0
CUST-01352,15,3,70.71,33,5,1,0.327,0.727,1,0
CUST-01353,2,3,102.21,137,1,1,0.391,0.058,1,0
CUST-01354,33,4,174.45,33,3,3,0.721,0.055,1,0
CUST-01355,14,2,253.41,35,2,2,0.45,0.221,0,0
CUST-01356,16,3,59.18,30,1,2,0.31,0.229,0,0
CUST-01357,25,2,65.76,37,6,3,0.193,0.572,0,0
CUST-01358,8,4,120.34,97,5,2,0.284,0.471,0,0
CUST-01359,24,4,193.36,108,5,1,0.953,0.11,0,0
CUST-01360,12,4,157.17,68,3,4,0.509,0.868,0,0
CUST-01361,12,2,160.84,94,5,3,0.984,0.298,1,0
CUST-01362,29,3,202.52,158,3,1,0.302,0.263,1,0
CUST-01363,13,2,118.97,143,2,3,0.349,0.212,0,0
CUST-01364,29,5,197.32,79,3,2,0.85,0.46,1,0
CUST-01365,14,3,63.1,151,3,3,0.725,0.483,0,0
CUST-01366,20,3,232.74,158,5,2,0.82,0.004,1,0
CUST-01367,9,3,215.13,173,2,3,0.25,0.615,1,0
CUST-01368,16,2,246.31,98,5,1,0.735,0.505,0,0
CUST-01369,17,6,138.88,65,4,3,0.213,0.345,0,0
CUST-01370,24,3,188.82,158,4,3,0.036,0.955,1,0
CUST-01371,2,0,159.67,49,3,2,0.238,0.173,0,0
CUST-01372,14,6,78.56,28,2,1,0.626,0.129,1,0
CUST-01373,3,3,168.21,20,2,4,0.751,0.387,0,0
CUST-01374,34,6,185.6,15,6,1,0.746,0.381,0,0
CUST-01375,3,1,131.89,30,5,4,0.907,0.873,1,0
CUST-01376,12,4,195.16,47,4,3,0.456,0.925,0,0
CUST-01377,26,4,146.22,108,4,2,0.91,0.637,1,0
CUST-01378,22,2,125.02,32,2,2,0.97,0.398,2,0
CUST-01379,26,1,103.77,40,2,4,0.136,0.867,0,0
CUST-01380,21,4,108.95,73,3,1,0.145,0.24,0,0
CUST-01381,31,3,163.37,104,1,3,0.455,0.77,0,0
CUST-01382,9,3,158.83,76,1,2,0.582,0.525,0,0
CUST-01383,14,4,224.76,38,2,4,0.961,0.183,0,0
CUST-01384,31,3,110.06,113,5,1,0.954,0.234,0,0
CUST-01385,21,4,78.36,81,1,1,0.419,0.492,2,0
CUST-01386,8,4,337.5,22,1,2,0.288,0.561,1,0
CUST-01387,24,4,120.26,150,5,2,0.002,0.43,1,0
CUST-01388,17,4,67.75,49,2,4,0.826,0.643,0,0
CUST-01389,20,3,98.83,175,5,3,0.799,0.319,0,0
CUST-01390,19,4,100.94,154,2,2,0.046,0.699,0,0
CUST-01391,23,4,123.57,41,2,1,0.102,0.756,0,0
CUST-01392,8,8,277.79,14,2,3,0.734,0.838,0,0
CUST-01393,32,4,59.46,104,1,4,0.633,0.817,0,0
CUST-01394,23,3,203.67,13,6,2,0.963,0.009,0,0
CUST-01395,20,2,83.57,85,6,4,0.37,0.233,1,0
CUST-01396,10,3,68.76,51,2,3,0.666,0.88,0,0
CUST-01397,11,4,84.57,1,5,1,0.598,0.944,0,0
CUST-01398,3,3,109.79,85,6,3,0.652,0.847,0,0
CUST-01399,20,3,141.99,47,3,3,0.539,0.273,0,0
CUST-01400,7,3,158.45,50,5,1,0.393,0.67,1,0
CUST-01401,4,4,69.01,8,1,4,0.036,0.566,1,0
CUST-01402,13,3,178.68,65,6,2,0.092,0.11,0,0
CUST-01403,25,4,172.45,56,3,3,0.773,0.168,0,0
CUST-01404,1,2,92.59,130,3,2,0.812,0.771,1,0
CUST-01405,15,4,192.4,134,5,3,0.472,0.748,0,0
CUST-01406,27,1,113.13,3,6,3,0.314,0.211,0,0
CUST-01407,7,4,368.37,131,1,1,0.75,0.468,1,0
CUST-01408,6,1,142.14,80,2,4,0.965,0.565,1,0
CUST-01409,28,2,111.65,11,4,3,0.552,0.234,0,0
CUST-01410,35,1,164.68,10,1,1,0.662,0.743,1,0
CUST-01411,24,3,142.85,175,5,1,0.929,0.23,1,0
CUST-01412,23,2,121.98,46,4,3,0.224,0.491,1,0
CUST-01413,19,4,132.48,17,5,1,0.985,0.271,1,0
CUST-01414,28,4,219.22,121,6,4,0.506,0.64,0,0
CUST-01415,7,2,92.55,169,1,4,0.939,0.499,1,0
CUST-01416,17,4,157.99,161,2,2,0.71,0.508,0,0
CUST-01417,30,2,183.12,75,6,2,0.908,0.94,0,0
CUST-01418,19,2,189.92,122,1,1,0.761,0.433,0,0
CUST-01419,33,3,162.83,93,2,3,0.865,0.009,1,0
CUST-01420,20,3,153.07,78,6,1,0.685,0.408,1,0
CUST-01421,9,3,92.32,134,4,1,0.698,0.601,0,0
CUST-01422,29,2,105.48,178,1,1,0.855,0.33,1,0
CUST-01423,24,3,270.77,46,1,4,0.271,0.63,0,0
CUST-01424,28,3,60.68,174,4,4,0.145,0.746,0,0
CUST-01425,32,3,63.3,69,3,1,0.697,0.44,1,0
CUST-01426,11,2,167.24,159,3,4,0.375,0.135,1,0
CUST-01427,26,4,44.12,166,2,1,0.373,0.576,0,0
CUST-01428,14,5,293.82,125,2,2,0.009,0.179,2,0
CUST-01429,14,2,200.29,78,6,4,0.491,0.293,0,0
CUST-01430,35,1,183.19,69,1,2,0.175,0.907,0,0
CUST-01431,17,2,67.06,130,5,1,0.83,0.851,2,0
CUST-01432,4,2,86.64,141,2,1,0.903,0.806,1,0
CUST-01433,2,2,192.72,111,5,3,0.768,0.479,0,0
CUST-01434,24,4,144.94,22,1,4,0.354,0.786,0,0
CUST-01435,9,5,199.41,63,5,1,0.297,0.614,1,0
CUST-01436,15,4,128.9,118,3,3,0.812,0.075,1,0
CUST-01437,33,4,94.01,66,1,3,0.89,0.716,0,0
CUST-01438,6,2,371.35,99,6,3,0.864,0.008,0,0
CUST-01439,32,1,139.08,115,3,2,0.607,0.986,1,0
CUST-01440,28,1,92.64,176,6,1,0.412,0.656,0,0
CUST-01441,21,5,109.6,125,5,1,0.546,0.193,0,0
CUST-01442,34,2,179.54,97,5,2,0.052,0.661,0,0
CUST-01443,11,5,160.1,53,5,4,0.862,0.528,0,0
CUST-01444,2,5,184.77,59,1,1,0.662,0.611,0,0
CUST-01445,5,1,95.43,19,3,1,0.938,0.884,1,0
CUST-01446,17,3,108.85,68,1,2,0.586,0.76,0,0
CUST-01447,15,2,81.42,173,4,3,0.43,0.071,0,0
CUST-01448,14,2,237.02,45,3,1,0.142,0.382,0,0
CUST-01449,25,2,70.25,149,1,3,0.593,0.716,0,0
CUST-01450,15,1,183.13,177,2,3,0.799,0.154,0,0
CUST-01451,18,5,64.8,33,4,2,0.389,0.14,1,0
CUST-01452,17,2,76.11,159,3,1,0.353,0.531,1,0
CUST-01453,15,3,241.14,11,2,4,0.601,0.662,0,0
CUST-01454,32,5,136.62,120,3,1,0.544,0.215,0,0
CUST-01455,28,1,207.08,111,3,4,0.308,0.003,1,0
CUST-01456,3,3,156.15,107,6,2,0.479,0.64,0,0
CUST-01457,21,5,194.28,79,4,3,0.421,0.812,0,0
CUST-01458,7,2,250.39,118,4,1,0.639,0.443,0,0
CUST-01459,35,2,146.64,64,6,4,0.695,0.976,0,0
CUST-01460,6,6,79.86,29,1,2,0.006,0.8,0,0
CUST-01461,20,3,320.8,82,1,1,0.532,0.316,0,0
CUST-01462,12,2,144.11,136,2,1,0.366,0.328,0,0
CUST-01463,26,3,143.99,49,1,2,0.616,0.441,0,0
CUST-01464,11,6,53.77,22,2,3,0.104,0.399,0,0
CUST-01465,34,1,212.94,82,4,4,0.216,0.917,1,0
CUST-01466,22,2,211.03,91,1,4,0.555,0.416,0,0
CUST-01467,15,4,160.35,59,6,3,0.783,0.466,0,0
CUST-01468,30,3,37.31,135,4,4,0.088,0.782,1,0
CUST-01469,14,3,82.86,159,2,3,0.155,0.728,1,0
CUST-01470,22,3,219.83,6,1,4,0.645,0.374,0,0
CUST-01471,34,2,78.57,134,4,1,0.605,0.986,0,0
CUST-01472,9,4,107.58,99,4,2,0.385,0.339,1,0
CUST-01473,23,5,161.54,22,1,1,0.853,0.131,0,0
CUST-01474,28,3,74.36,59,2,2,0.182,0.68,1,0
CUST-01475,14,5,86.16,2,3,2,0.254,0.565,0,0
CUST-01476,20,2,142.75,64,4,3,0.27,0.401,0,0
CUST-01477,21,3,202.52,24,5,1,0.931,0.248,0,0
CUST-01478,29,2,150.82,153,3,2,0.316,0.792,0,0
CUST-01479,34,2,79.18,118,6,1,0.407,0.012,1,0
CUST-01480,16,5,114.54,162,5,1,0.244,0.361,0,0
CUST-01481,19,4,115.31,55,2,2,0.597,0.09,0,0
CUST-01482,5,8,138.22,76,3,1,0.125,0.932,0,0
CUST-01483,5,4,174.03,70,6,3,0.91,0.028,0,0
CUST-01484,19,2,139.54,115,3,2,0.565,0.246,1,0
CUST-01485,23,0,84.36,123,5,4,0.414,0.505,0,0
CUST-01486,24,4,85.74,4,2,3,0.745,0.174,1,0
CUST-01487,14,0,235.98,60,6,1,0.665,0.156,1,0
CUST-01488,28,2,241.98,150,6,1,0.014,0.488,1,0
CUST-01489,23,1,147.44,104,1,2,0.303,0.076,0,0
CUST-01490,12,2,261.27,65,5,4,0.534,0.01,0,0
CUST-01491,23,2,110.63,165,5,2,0.513,0.898,0,0
CUST-01492,7,2,117.97,40,2,4,0.204,0.792,0,0
CUST-01493,4,1,250.08,138,1,3,0.963,0.663,0,0
CUST-01494,20,6,90.12,88,5,4,0.962,0.321,2,0
CUST-01495,2,2,201.04,59,3,2,0.904,0.576,0,0
CUST-01496,23,1,99.45,146,4,1,0.545,0.516,1,0
CUST-01497,21,2,52.59,101,1,4,0.911,0.152,0,0
CUST-01498,30,8,235.6,31,3,2,0.478,0.675,1,0
CUST-01499,18,6,53.14,103,2,2,0.146,0.887,1,0
CUST-01500,3,5,239.39,28,1,1,0.809,0.069,4,0
CUST-01501,19,2,173.36,23,6,2,0.347,0.214,0,0
CUST-01502,26,5,75.13,173,4,2,0.184,0.678,1,0
CUST-01503,10,3,91.6,81,6,3,0.523,0.335,0,0
CUST-01504,13,1,146.15,104,3,1,0.515,0.318,0,0
CUST-01505,22,4,69.37,160,5,3,0.004,0.724,1,0
CUST-01506,3,6,65.48,74,2,1,0.374,0.708,0,0
CUST-01507,3,2,205.52,72,4,2,0.99,0.705,1,0
CUST-01508,29,3,124.09,90,6,3,0.11,0.024,1,0
CUST-01509,19,3,88.74,21,6,3,0.324,0.479,0,0
CUST-01510,10,4,115.01,56,5,3,0.078,0.331,0,0
CUST-01511,31,1,299.35,34,3,2,0.252,0.114,0,0
CUST-01512,21,1,38.21,168,3,2,0.171,0.059,0,1
CUST-01513,23,2,117.32,117,6,4,0.968,0.37,1,0
CUST-01514,22,2,156.53,153,1,3,0.787,0.053,1,0
CUST-01515,27,4,136.01,77,2,3,0.662,0.392,0,0
CUST-01516,25,6,152.12,92,4,2,0.381,0.38,0,0
CUST-01517,26,2,72.39,70,4,2,0.616,0.618,2,0
CUST-01518,19,5,86.0,121,2,3,0.235,0.16,0,0
CUST-01519,3,0,183.1,127,2,3,0.885,0.11,1,1
CUST-01520,8,3,182.85,69,4,2,0.186,0.86,0,0
CUST-01521,19,1,172.08,138,1,3,0.594,0.383,1,0
CUST-01522,18,6,85.23,45,3,3,0.793,0.998,1,0
CUST-01523,30,3,151.87,47,6,3,0.923,0.066,0,0
CUST-01524,30,4,236.99,121,4,4,0.463,0.874,0,0
CUST-01525,25,3,80.23,1,1,1,0.611,0.053,0,0
CUST-01526,6,2,308.53,67,2,2,0.542,0.776,0,0
CUST-01527,15,1,140.39,85,3,1,0.034,0.262,1,0
CUST-01528,6,2,213.81,104,1,3,0.566,0.44,0,0
CUST-01529,15,5,120.79,163,2,4,0.045,0.829,0,0
CUST-01530,32,5,272.81,29,2,4,0.51,0.827,0,0
CUST-01531,33,1,125.37,14,2,2,0.721,0.057,0,0
CUST-01532,21,3,92.1,98,5,3,0.397,0.206,2,0
CUST-01533,29,6,126.95,96,4,2,0.356,0.309,1,0
CUST-01534,19,4,86.1,107,1,4,0.121,0.565,1,0
CUST-01535,26,3,56.5,66,2,3,0.719,0.164,2,0
CUST-01536,29,1,41.36,75,2,3,0.148,0.745,1,0
CUST-01537,7,1,83.03,105,1,4,0.194,0.954,0,1
CUST-01538,6,3,69.33,100,4,3,0.816,0.219,0,0
CUST-01539,33,2,401.95,50,3,2,0.479,0.038,0,0
CUST-01540,16,0,127.63,134,5,2,0.146,0.516,1,0
CUST-01541,28,2,124.35,173,5,1,0.585,0.964,0,0
CUST-01542,16,4,124.96,103,5,1,0.963,0.951,0,0
CUST-01543,21,1,119.92,164,6,4,0.378,0.005,1,0
CUST-01544,4,2,264.01,23,5,4,0.258,0.363,1,0
CUST-01545,12,6,239.27,42,4,4,0.102,0.246,1,0
CUST-01546,20,2,101.48,99,3,1,0.611,0.809,1,0
CUST-01547,30,2,120.82,28,6,2,0.311,0.7,0,0
CUST-01548,33,2,79.52,63,3,3,0.477,0.387,1,0
CUST-01549,7,1,116.5,102,2,2,0.208,0.384,0,1
CUST-01550,32,1,122.7,68,6,3,0.1,0.165,2,0
CUST-01551,1,2,293.81,168,3,4,0.486,0.806,0,0
CUST-01552,2,2,388.88,145,2,2,0.671,0.508,0,0
CUST-01553,33,2,154.36,167,3,4,0.901,0.564,0,0
CUST-01554,34,6,78.61,101,6,3,0.219,0.663,0,0
CUST-01555,11,6,241.59,114,2,2,0.614,0.803,1,0
CUST-01556,12,1,122.27,74,2,4,0.437,0.899,0,0
CUST-01557,12,0,150.09,113,3,3,0.42,0.484,0,1
CUST-01558,12,2,221.71,117,2,4,0.394,0.598,0,0
CUST-01559,6,1,151.98,23,3,1,0.606,0.898,1,0
CUST-01560,20,2,174.6,167,5,1,0.522,0.82,1,0
CUST-01561,22,3,71.84,162,2,2,0.303,0.475,0,0
CUST-01562,26,2,290.63,150,3,4,0.076,0.159,3,0
CUST-01563,11,3,212.24,170,2,4,0.525,0.019,1,0
CUST-01564,12,0,213.06,176,6,2,0.116,0.657,0,1
CUST-01565,15,3,164.44,129,3,3,0.367,0.078,0,0
CUST-01566,22,1,181.6,101,4,1,0.678,0.017,0,0
CUST-01567,9,0,190.76,26,1,3,0.109,0.727,0,0
CUST-01568,15,2,80.0,48,1,1,0.526,0.834,3,0
CUST-01569,12,2,150.79,73,2,4,0.102,0.003,1,0
CUST-01570,20,4,60.64,4,2,2,0.751,0.919,0,0
CUST-01571,12,4,179.29,139,1,3,0.958,0.38,0,0
CUST-01572,9,3,112.79,13,4,2,0.199,0.621,0,0
CUST-01573,19,3,127.78,37,1,1,0.329,0.826,1,0
CUST-01574,20,1,103.42,52,2,2,0.928,0.5,1,0
CUST-01575,20,3,243.35,47,2,4,0.46,0.071,1,0
CUST-01576,11,3,72.01,63,1,4,0.949,0.943,0,0
CUST-01577,27,3,264.06,17,6,3,0.664,0.708,0,0
CUST-01578,32,5,162.44,23,3,1,0.475,0.781,0,0
CUST-01579,18,6,137.39,141,2,3,0.85,0.447,0,0
CUST-01580,16,4,137.43,135,6,4,0.435,0.848,0,0
CUST-01581,17,3,212.85,144,6,4,0.584,0.096,1,0
CUST-01582,5,3,210.71,23,6,1,0.394,0.821,1,0
CUST-01583,19,2,187.01,175,5,3,0.623,0.634,1,0
CUST-01584,32,4,197.19,76,3,3,0.093,0.098,1,0
CUST-01585,11,3,276.77,163,6,4,0.527,0.584,0,0
CUST-01586,26,4,211.31,119,2,1,0.082,0.559,2,0
CUST-01587,3,0,67.84,106,3,4,0.718,0.523,0,1
CUST-01588,19,4,146.06,16,6,3,0.911,0.781,0,0
CUST-01589,8,1,255.09,15,4,4,0.513,0.816,0,0
CUST-01590,21,2,144.87,27,4,4,0.974,0.878,1,0
CUST-01591,34,2,73.47,50,2,1,0.21,0.795,0,0
CUST-01592,5,2,99.34,110,5,4,0.215,0.321,2,0
CUST-01593,28,5,76.19,74,3,2,0.937,0.85,0,0
CUST-01594,13,1,342.21,123,3,2,0.985,0.027,0,0
CUST-01595,31,5,123.53,56,6,2,0.603,0.214,1,0
CUST-01596,28,5,92.6,164,3,1,0.58,0.145,0,0
CUST-01597,26,5,117.51,8,3,3,0.106,0.138,0,0
CUST-01598,11,2,109.31,2,5,3,0.62,0.916,1,0
CUST-01599,26,3,103.46,166,3,1,0.802,0.048,0,0
CUST-01600,14,4,152.46,165,6,2,0.873,0.73,0,0
CUST-01601,32,4,115.78,163,5,3,0.645,0.653,0,0
CUST-01602,9,0,185.62,101,5,4,0.829,0.139,1,0
CUST-01603,12,5,83.97,93,4,1,0.566,0.729,0,0
CUST-01604,16,3,115.79,149,2,2,0.747,0.725,0,0
CUST-01605,22,2,132.74,150,4,2,0.999,0.723,1,0
CUST-01606,34,1,264.78,169,4,2,0.506,0.94,0,0
CUST-01607,1,6,266.49,121,5,1,0.183,0.341,0,0
CUST-01608,34,2,123.18,84,5,4,0.313,0.04,1,0
CUST-01609,1,4,158.98,62,6,1,0.075,0.687,0,0
CUST-01610,23,1,107.41,27,6,4,0.554,0.59,0,0
CUST-01611,1,1,140.77,159,4,3,0.518,0.946,2,1
CUST-01612,21,1,80.11,114,5,4,0.379,0.044,2,0
CUST-01613,19,4,155.52,70,5,3,0.583,0.912,1,0
CUST-01614,6,3,102.41,55,4,1,0.838,0.329,1,0
CUST-01615,28,5,169.04,55,6,2,0.309,0.077,1,0
CUST-01616,31,4,120.57,153,4,3,0.516,0.147,0,0
CUST-01617,8,0,199.9,82,2,4,0.721,0.639,1,0
CUST-01618,27,4,112.39,69,5,2,0.76,0.742,3,0
CUST-01619,3,3,86.67,137,2,2,0.795,0.734,1,0
CUST-01620,34,3,190.61,105,4,3,0.022,0.846,1,0
CUST-01621,16,3,275.86,56,2,3,0.785,0.179,1,0
CUST-01622,25,3,152.61,52,4,1,0.131,0.792,1,0
CUST-01623,31,7,50.53,94,2,3,0.715,0.747,0,0
CUST-01624,22,1,39.46,110,3,4,0.22,0.315,0,1
CUST-01625,16,2,171.1,131,5,2,0.124,0.688,0,0
CUST-01626,9,3,148.71,160,3,4,0.85,0.374,0,0
CUST-01627,22,1,117.04,1,6,1,0.716,0.49,0,0
CUST-01628,25,0,155.71,140,4,4,0.316,0.545,0,0
CUST-01629,12,6,149.96,63,6,1,0.75,0.876,0,0
CUST-01630,22,3,301.68,143,2,3,0.444,0.946,0,0
CUST-01631,6,4,81.81,95,1,1,0.237,0.332,0,0
CUST-01632,5,3,64.45,50,3,4,0.709,0.115,1,0
CUST-01633,23,3,189.66,105,2,1,0.447,0.393,0,0
CUST-01634,1,2,79.27,115,2,3,0.735,0.385,0,0
CUST-01635,14,4,221.2,42,5,2,0.186,0.45,0,0
CUST-01636,7,2,342.7,45,4,3,0.175,0.963,1,0
CUST-01637,14,2,188.14,13,1,4,0.434,0.089,1,0
CUST-01638,35,3,164.46,51,5,2,0.259,0.82,1,0
CUST-01639,30,5,188.3,133,2,1,0.155,0.861,1,0
CUST-01640,11,2,30.65,52,6,4,0.474,0.074,0,0
CUST-01641,25,2,115.27,80,2,1,0.978,0.917,1,0
CUST-01642,34,4,210.63,91,6,2,0.978,0.21,0,0
CUST-01643,15,1,240.48,51,1,2,0.445,0.914,1,0
CUST-01644,4,6,94.73,69,5,4,0.284,0.371,1,0
CUST-01645,28,2,45.95,5,5,2,0.414,0.691,0,0
CUST-01646,3,2,112.31,100,4,1,0.251,0.183,0,0
CUST-01647,8,2,149.58,12,4,4,0.866,0.328,1,0
CUST-01648,33,1,132.39,162,2,4,0.561,0.116,0,0
CUST-01649,18,2,79.43,125,6,1,0.265,0.332,1,0
CUST-01650,20,0,65.32,161,6,4,0.606,0.889,1,0
CUST-01651,24,3,130.66,105,5,3,0.478,0.266,0,0
CUST-01652,5,4,131.96,101,4,4,0.399,0.426,1,0
CUST-01653,30,2,212.87,170,4,2,0.383,0.709,0,0
CUST-01654,5,5,217.13,1,3,1,0.197,0.419,0,0
CUST-01655,33,3,210.87,153,4,3,0.87,0.211,0,0
CUST-01656,8,1,159.27,79,2,4,0.354,0.806,1,0
CUST-01657,30,3,166.42,18,4,3,0.305,0.718,1,0
CUST-01658,30,4,108.25,28,1,4,0.182,0.022,0,0
CUST-01659,35,6,176.28,107,5,3,0.95,0.998,1,0
CUST-01660,25,4,58.8,102,4,4,0.542,0.351,0,0
CUST-01661,5,4,133.68,38,2,1,0.438,0.939,1,0
CUST-01662,13,3,79.93,14,3,3,0.238,0.388,0,0
CUST-01663,6,5,253.73,59,5,2,0.755,0.212,0,0
CUST-01664,3,1,156.08,51,3,3,0.155,0.294,0,0
CUST-01665,28,7,52.03,103,2,2,0.431,0.095,3,0
CUST-01666,1,1,132.79,71,5,3,0.995,0.471,1,0
CUST-01667,28,4,115.32,132,1,1,0.695,0.773,0,0
CUST-01668,11,4,223.89,112,6,2,0.352,0.855,2,0
CUST-01669,12,3,173.08,173,6,2,0.254,0.593,1,0
CUST-01670,21,5,98.02,106,2,2,0.029,0.497,0,0
CUST-01671,19,7,103.92,117,2,1,0.391,0.444,0,0
CUST-01672,23,3,112.49,120,5,2,0.485,0.451,0,0
CUST-01673,22,2,31.19,44,5,1,0.551,0.467,0,0
CUST-01674,15,4,297.45,54,4,1,0.604,0.598,1,0
CUST-01675,19,0,112.07,113,1,1,0.04,0.767,0,0
CUST-01676,33,5,171.73,55,3,2,0.031,0.775,0,0
CUST-01677,6,2,53.8,71,3,1,0.61,0.19,0,0
CUST-01678,27,2,211.75,132,2,2,0.002,0.18,0,0
CUST-01679,12,0,217.16,162,5,4,0.111,0.31,0,1
CUST-01680,23,2,187.91,175,3,1,0.768,0.902,0,0
CUST-01681,35,5,185.99,130,5,2,0.63,0.266,0,0
CUST-01682,16,3,118.1,26,1,3,0.664,0.393,1,0
CUST-01683,7,1,81.17,41,5,1,0.307,0.428,2,0
CUST-01684,2,3,280.78,120,1,3,0.509,0.031,0,0
CUST-01685,17,3,76.5,139,2,2,0.084,0.831,0,0
CUST-01686,33,8,279.36,28,4,3,0.777,0.092,0,0
CUST-01687,8,2,51.25,92,2,1,0.589,0.336,1,0
CUST-01688,33,1,213.42,113,3,2,0.585,0.346,0,0
CUST-01689,18,4,77.61,81,5,2,0.477,0.281,0,0
CUST-01690,17,5,137.81,58,6,2,0.162,0.492,0,0
CUST-01691,32,1,254.57,29,1,1,0.008,0.448,0,0
CUST-01692,18,4,137.47,47,6,4,0.272,0.132,0,0
CUST-01693,24,2,77.78,81,5,3,0.693,0.34,1,0
CUST-01694,30,0,183.45,42,4,4,0.595,0.087,0,0
CUST-01695,4,1,77.95,2,3,1,0.153,0.617,0,0
CUST-01696,7,3,173.25,165,5,2,0.709,0.374,1,0
CUST-01697,6,6,136.51,37,2,2,0.12,0.973,0,0
CUST-01698,23,1,274.01,30,6,4,0.226,0.687,1,0
CUST-01699,15,3,166.95,164,6,4,0.007,0.352,1,0
CUST-01700,14,1,228.9,84,5,1,0.643,0.856,0,0
CUST-01701,6,3,127.15,170,2,2,0.28,0.641,1,0
CUST-01702,18,1,235.14,176,3,3,0.035,0.162,0,0
CUST-01703,25,1,107.56,130,5,4,0.816,0.582,1,0
CUST-01704,25,2,130.67,147,3,3,0.823,0.833,0,0
CUST-01705,28,4,324.58,27,3,4,0.622,0.56,0,0
CUST-01706,34,5,330.09,123,1,1,0.517,0.52,1,0
CUST-01707,11,3,215.76,67,2,4,0.612,0.674,1,0
CUST-01708,24,3,192.32,16,5,1,0.151,0.668,0,0
CUST-01709,20,1,118.81,54,2,4,0.255,0.872,1,0
CUST-01710,15,5,147.84,80,3,1,0.088,0.742,1,0
CUST-01711,14,3,249.72,2,1,1,0.159,0.18,2,0
CUST-01712,21,3,210.26,20,5,2,0.714,0.052,1,0
CUST-01713,34,2,140.32,54,1,4,0.51,0.784,0,0
CUST-01714,3,3,179.15,85,5,3,0.601,0.672,0,0
CUST-01715,3,4,130.74,31,5,4,0.94,0.223,0,0
CUST-01716,19,1,266.24,73,2,2,0.047,0.602,2,0
CUST-01717,19,4,194.81,150,6,3,0.007,0.885,1,0
CUST-01718,24,0,72.85,151,1,1,0.507,0.016,1,0
CUST-01719,22,3,139.86,94,1,2,0.117,0.869,1,0
CUST-01720,32,2,63.05,52,1,2,0.931,0.021,0,0
CUST-01721,19,4,81.82,20,6,4,0.082,0.685,0,0
CUST-01722,32,5,208.34,77,2,1,0.969,0.744,0,0
CUST-01723,34,2,60.81,54,5,2,0.848,0.564,0,0
CUST-01724,3,3,102.79,58,5,1,0.318,0.307,0,0
CUST-01725,26,2,193.41,179,4,4,0.447,0.26,1,0
CUST-01726,11,5,124.15,23,4,2,0.015,0.221,0,0
CUST-01727,15,3,183.56,51,5,4,0.284,0.687,0,0
CUST-01728,20,3,162.0,61,1,3,1.0,0.003,0,0
CUST-01729,10,2,137.84,150,5,1,0.449,0.042,1,0
CUST-01730,30,5,135.5,108,1,3,0.054,0.016,1,0
CUST-01731,27,1,93.4,9,5,2,0.236,0.488,2,0
CUST-01732,25,4,58.33,9,1,3,0.573,0.944,0,0
CUST-01733,8,3,208.45,30,2,4,0.372,0.595,2,0
CUST-01734,31,2,166.83,62,1,1,0.726,0.328,0,0
CUST-01735,33,4,234.55,150,6,4,0.77,0.632,1,0
CUST-01736,7,4,143.81,10,2,3,0.223,0.764,0,0
CUST-01737,28,3,75.3,159,6,1,0.148,0.264,0,0
CUST-01738,32,5,269.46,18,2,3,0.475,0.146,1,0
CUST-01739,21,3,121.84,167,3,3,0.374,0.577,0,0
CUST-01740,25,3,134.46,79,4,4,0.568,0.119,0,0
CUST-01741,27,3,189.55,45,5,3,0.38,0.507,1,0
CUST-01742,2,6,313.87,178,6,1,0.929,0.427,1,0
CUST-01743,30,4,56.32,98,5,3,0.982,0.963,1,0
CUST-01744,13,4,187.79,55,5,1,0.666,0.829,0,0
CUST-01745,1,3,140.24,29,6,3,0.713,0.161,0,0
CUST-01746,6,6,135.15,31,4,3,0.105,0.126,0,0
CUST-01747,13,2,313.11,163,4,4,0.38,0.32,0,0
CUST-01748,12,1,102.35,111,3,4,0.605,0.87,0,1
CUST-01749,15,5,224.34,74,4,4,0.235,0.73,1,0
CUST-01750,9,0,89.47,171,2,1,0.602,0.374,0,1
CUST-01751,12,2,217.06,26,3,3,0.182,0.074,2,0
CUST-01752,3,1,91.3,87,2,2,0.069,0.897,1,0
CUST-01753,5,4,220.26,162,5,1,0.984,0.608,1,0
CUST-01754,12,3,217.28,97,6,3,0.26,0.392,1,0
CUST-01755,23,0,200.05,131,3,1,0.636,0.536,0,0
CUST-01756,32,4,146.6,43,1,3,0.35,0.239,0,0
CUST-01757,2,3,122.54,55,1,4,0.394,0.979,0,0
CUST-01758,19,3,202.75,106,6,4,0.687,0.06,0,0
CUST-01759,28,2,266.93,148,4,4,0.064,0.67,1,0
CUST-01760,1,3,143.78,165,1,4,0.373,0.451,1,0
CUST-01761,30,6,131.68,23,4,4,0.593,0.845,0,0
CUST-01762,12,2,114.13,71,3,1,0.922,0.664,0,0
CUST-01763,7,1,206.78,93,3,1,0.68,0.282,0,1
CUST-01764,28,3,138.56,97,3,1,0.311,0.321,1,0
CUST-01765,13,4,312.42,152,4,4,0.595,0.727,2,0
CUST-01766,34,2,371.36,83,6,1,0.022,0.865,0,0
CUST-01767,31,3,277.08,105,6,4,0.846,0.877,4,0
CUST-01768,3,3,267.98,161,4,3,0.042,0.98,0,0
CUST-01769,31,2,180.94,42,1,1,0.996,0.138,1,0
CUST-01770,21,5,324.49,171,4,4,0.121,0.903,0,0
CUST-01771,23,3,67.17,103,1,4,0.87,0.17,1,0
CUST-01772,22,3,67.76,157,3,3,0.518,0.944,0,0
CUST-01773,1,0,82.21,116,5,3,0.1,0.005,0,1
CUST-01774,34,3,185.76,36,4,2,0.955,0.994,0,0
CUST-01775,8,2,174.48,67,6,3,0.131,0.984,0,0
CUST-01776,32,1,212.7,25,4,3,0.128,0.947,2,0
CUST-01777,7,3,170.81,2,1,2,0.523,0.68,0,0
CUST-01778,34,8,267.46,29,3,4,0.553,0.102,0,0
CUST-01779,10,2,120.36,152,2,2,0.456,0.523,0,0
CUST-01780,29,3,168.32,130,2,3,0.005,0.241,1,0
CUST-01781,27,1,233.77,35,2,4,0.324,0.856,0,0
CUST-01782,12,4,85.83,169,6,3,0.702,0.949,1,0
CUST-01783,17,5,170.23,12,1,1,0.419,0.777,0,0
CUST-01784,12,2,216.11,21,3,2,0.576,0.642,2,0
CUST-01785,2,3,128.27,140,1,4,0.708,0.294,1,0
CUST-01786,26,1,98.72,44,4,3,0.511,0.528,0,0
CUST-01787,23,1,68.7,82,3,3,0.199,0.411,0,0
CUST-01788,27,5,156.66,170,4,3,0.822,0.689,1,0
CUST-01789,16,3,65.61,26,2,3,0.211,0.965,0,0
CUST-01790,5,6,144.46,82,5,1,0.88,0.369,0,0
CUST-01791,21,5,76.81,27,4,1,0.281,0.877,0,0
CUST-01792,20,1,237.43,175,5,1,0.708,0.089,0,0
CUST-01793,17,0,142.68,79,1,1,0.845,0.858,0,0
CUST-01794,10,2,201.49,112,6,3,0.51,0.343,0,0
CUST-01795,28,5,108.03,165,6,2,0.106,0.11,1,0
CUST-01796,34,6,128.53,70,1,4,0.449,0.888,0,0
CUST-01797,4,3,67.94,42,1,4,0.601,0.609,1,0
CUST-01798,13,4,228.4,84,4,3,0.792,0.32,0,0
CUST-01799,8,2,127.78,154,3,4,0.051,0.597,0,0
CUST-01800,31,5,188.08,66,5,2,0.909,0.63,0,0
CUST-01801,30,1,239.97,112,3,3,0.386,0.206,1,0
CUST-01802,24,4,192.96,63,3,3,0.497,0.141,0,0
CUST-01803,22,3,148.14,16,1,1,0.021,0.88,0,0
CUST-01804,16,2,115.41,82,3,2,0.623,0.291,0,0
CUST-01805,10,4,262.85,114,2,2,0.004,0.628,1,0
CUST-01806,7,3,204.0,169,2,4,0.496,0.23,0,0
CUST-01807,14,3,183.72,132,6,1,0.902,0.369,0,0
CUST-01808,28,4,178.09,153,2,1,0.848,0.228,1,0
CUST-01809,29,4,171.37,78,3,4,0.245,0.538,1,0
CUST-01810,3,5,48.4,112,2,2,0.194,0.175,0,1
CUST-01811,28,4,153.77,129,1,2,0.84,0.163,1,0
CUST-01812,2,1,191.46,68,1,3,0.163,0.798,1,0
CUST-01813,16,4,141.05,153,2,4,0.943,0.408,0,0
CUST-01814,2,3,81.33,111,4,2,0.814,0.214,0,0
CUST-01815,19,1,160.83,111,5,3,0.395,0.633,1,0
CUST-01816,2,6,150.45,81,5,1,0.744,0.76,0,0
CUST-01817,22,7,101.27,50,6,4,0.83,0.585,0,0
CUST-01818,24,2,77.17,147,1,4,0.879,0.267,0,0
CUST-01819,15,1,169.21,162,4,4,0.263,0.699,1,0
CUST-01820,28,2,153.05,57,5,2,0.584,0.034,0,0
CUST-01821,8,5,262.69,138,2,3,0.653,0.719,0,0
CUST-01822,17,1,73.56,42,2,1,0.782,0.719,0,0
CUST-01823,20,4,77.17,28,6,4,0.147,0.118,1,0
CUST-01824,35,3,200.43,114,5,4,0.222,0.615,2,0
CUST-01825,25,2,261.56,30,4,4,0.684,0.078,0,0
CUST-01826,4,3,117.85,64,1,3,0.038,0.167,0,0
CUST-01827,11,1,135.38,179,2,1,0.92,0.755,0,0
CUST-01828,26,3,238.46,10,3,2,0.73,0.962,4,0
CUST-01829,1,1,168.0,136,3,3,0.219,0.879,0,1
CUST-01830,10,4,76.06,138,6,3,0.193,0.814,0,0
CUST-01831,13,5,187.95,127,2,2,0.416,0.623,0,0
CUST-01832,13,5,99.76,17,5,3,0.716,0.525,2,0
CUST-01833,32,0,79.98,30,3,3,0.98,0.866,1,0
CUST-01834,23,4,56.35,69,4,2,0.17,0.819,2,0
CUST-01835,18,2,74.67,111,3,3,0.354,0.196,0,0
CUST-01836,22,5,223.57,120,5,1,0.101,0.506,0,0
CUST-01837,18,6,206.12,170,1,1,0.255,0.79,2,0
CUST-01838,35,4,209.64,31,1,3,0.666,0.5,1,0
CUST-01839,25,7,133.55,175,3,4,0.098,0.848,0,0
CUST-01840,28,3,154.23,12,4,1,0.33,0.862,1,0
CUST-01841,13,5,28.04,164,4,4,0.984,0.061,0,0
CUST-01842,19,3,94.46,36,1,1,0.811,0.015,0,0
CUST-01843,16,5,112.97,162,6,2,0.107,0.735,0,0
CUST-01844,31,3,106.16,6,2,1,0.794,0.404,0,0
CUST-01845,23,1,171.28,158,1,3,0.755,0.072,0,0
CUST-01846,32,4,83.48,89,5,2,0.372,0.706,0,0
CUST-01847,35,1,142.5,133,5,4,0.182,0.222,1,0
CUST-01848,6,8,294.56,150,5,1,0.237,0.009,0,0
CUST-01849,13,5,86.41,145,4,4,0.534,0.322,0,0
CUST-01850,11,3,64.69,117,6,1,0.629,0.21,0,0
CUST-01851,20,1,221.92,23,2,4,0.013,0.219,2,0
CUST-01852,21,5,120.22,50,2,4,0.622,0.019,0,0
CUST-01853,4,5,51.23,168,5,4,0.187,0.231,1,0
CUST-01854,11,2,138.25,88,3,1,0.741,0.012,0,0
CUST-01855,20,3,143.78,142,1,4,0.652,0.253,1,0
CUST-01856,33,4,81.68,13,6,3,0.058,0.505,0,0
CUST-01857,19,4,259.07,58,2,4,0.602,0.033,0,0
CUST-01858,32,4,118.43,103,3,4,0.835,0.738,0,0
CUST-01859,9,4,176.1,73,5,2,0.061,0.399,1,0
CUST-01860,13,3,167.93,129,1,3,0.484,0.244,0,0
CUST-01861,5,2,292.8,107,4,2,0.957,0.92,1,0
CUST-01862,23,3,219.78,174,5,4,0.185,0.871,1,0
CUST-01863,2,2,113.55,104,4,2,0.924,0.687,2,0
CUST-01864,11,3,94.55,3,5,2,0.028,0.691,0,0
CUST-01865,11,1,80.75,74,6,4,0.799,0.121,0,0
CUST-01866,11,6,190.2,111,2,1,0.527,0.81,1,0
CUST-01867,15,7,163.91,52,4,4,0.943,0.282,0,0
CUST-01868,10,3,110.39,79,5,1,0.367,0.545,1,0
CUST-01869,7,5,121.38,92,5,2,0.11,0.568,0,0
CUST-01870,31,1,207.99,82,6,4,0.825,0.243,0,0
CUST-01871,8,2,161.95,32,5,3,0.877,0.24,2,0
CUST-01872,35,2,157.27,4,6,3,0.493,0.611,0,0
CUST-01873,33,3,116.92,126,6,3,0.007,0.646,0,0
CUST-01874,27,5,111.5,80,2,4,0.493,0.504,0,0
CUST-01875,13,4,86.84,76,6,1,0.48,0.438,0,0
CUST-01876,6,2,111.7,8,6,1,0.452,0.864,0,0
CUST-01877,18,3,317.34,89,5,1,0.438,0.011,1,0
CUST-01878,28,4,118.55,172,4,1,0.021,0.005,0,0
CUST-01879,34,0,92.6,63,5,1,0.986,0.519,0,0
CUST-01880,33,1,274.64,18,2,4,0.705,0.661,0,0
CUST-01881,1,2,382.23,100,4,3,0.658,0.964,1,0
CUST-01882,14,1,72.23,91,4,2,0.118,0.115,0,0
CUST-01883,11,1,89.3,122,4,1,0.152,0.077,0,1
CUST-01884,11,5,179.57,67,1,4,0.985,0.973,0,0
CUST-01885,3,11,112.71,6,6,2,0.894,0.51,0,0
CUST-01886,11,3,57.88,8,5,3,0.294,0.746,0,0
CUST-01887,14,6,102.42,46,3,4,0.399,0.411,2,0
CUST-01888,19,3,121.89,9,4,3,0.369,0.525,0,0
CUST-01889,15,2,188.71,10,1,4,0.978,0.353,0,0
CUST-01890,9,3,118.31,143,5,3,0.922,0.836,1,0
CUST-01891,14,2,225.67,154,3,3,0.572,0.659,0,0
CUST-01892,23,3,142.01,94,4,3,0.875,0.692,1,0
CUST-01893,12,2,155.95,120,3,2,0.305,0.194,2,0
CUST-01894,35,3,230.94,131,6,4,0.369,0.911,1,0
CUST-01895,32,2,101.03,98,1,2,0.733,0.709,3,0
CUST-01896,9,4,102.57,82,1,1,0.329,0.799,2,0
CUST-01897,30,4,116.68,129,6,3,0.245,0.638,1,0
CUST-01898,23,1,70.93,173,5,1,0.838,0.271,0,0
CUST-01899,15,3,72.72,50,4,1,0.952,0.008,5,0
CUST-01900,7,4,253.8,88,4,2,0.827,0.894,0,0
CUST-01901,35,2,220.22,27,5,1,0.022,0.433,1,0
CUST-01902,27,5,83.93,57,1,4,0.413,0.029,2,0
CUST-01903,34,3,235.47,26,6,2,0.155,0.113,0,0
CUST-01904,30,4,83.35,156,4,2,0.362,0.439,0,0
CUST-01905,35,2,131.18,16,1,2,0.615,0.514,1,0
CUST-01906,16,2,99.22,27,3,3,0.207,0.142,3,0
CUST-01907,19,2,179.1,21,4,4,0.55,0.166,1,0
CUST-01908,6,2,237.33,161,4,1,0.617,0.906,1,0
CUST-01909,29,2,157.53,28,2,2,0.315,0.363,0,0
CUST-01910,22,4,215.79,43,3,4,0.346,0.143,0,0
CUST-01911,14,1,91.82,79,5,4,0.717,0.325,2,0
CUST-01912,12,2,257.97,141,1,1,0.331,0.407,1,0
CUST-01913,7,7,69.83,39,1,3,0.392,0.447,0,0
CUST-01914,1,3,132.97,121,6,1,0.491,0.153,0,0
CUST-01915,20,3,200.38,17,5,4,0.403,0.586,0,0
CUST-01916,31,6,135.58,34,6,2,0.939,0.185,0,0
CUST-01917,26,4,162.17,139,5,1,0.737,0.315,0,0
CUST-01918,1,1,141.75,57,5,1,0.232,0.838,0,0
CUST-01919,22,1,216.73,34,5,4,0.759,0.602,0,0
CUST-01920,35,6,99.41,12,6,1,0.462,0.613,0,0
CUST-01921,22,5,203.18,72,6,1,0.669,0.845,0,0
CUST-01922,26,3,105.57,178,5,2,0.229,0.831,1,0
CUST-01923,26,4,68.1,1,3,4,0.342,0.767,0,0
CUST-01924,3,1,193.01,116,3,4,0.628,0.38,0,0
CUST-01925,8,1,81.64,4,6,4,0.638,0.475,0,0
CUST-01926,20,3,108.74,27,3,2,0.692,0.928,0,0
CUST-01927,12,5,155.94,133,2,3,0.684,0.852,0,0
CUST-01928,18,3,161.8,152,4,3,0.125,0.889,0,0
CUST-01929,6,2,184.32,9,1,3,0.8,0.836,0,0
CUST-01930,22,6,206.2,111,2,3,0.34,0.495,0,0
CUST-01931,30,4,157.7,21,3,1,0.156,0.91,1,0
CUST-01932,29,2,272.84,67,5,2,0.968,0.418,1,0
CUST-01933,6,3,218.32,121,4,3,0.38,0.622,0,0
CUST-01934,34,1,136.81,151,4,1,0.1,0.23,0,0
CUST-01935,18,5,130.0,151,4,1,0.884,0.955,0,0
CUST-01936,1,3,52.12,44,3,4,0.256,0.286,0,0
CUST-01937,32,1,71.83,126,6,1,0.291,0.416,0,0
CUST-01938,12,5,193.37,83,4,1,0.324,0.732,1,0
CUST-01939,28,3,325.0,33,4,3,0.134,0.413,1,0
CUST-01940,26,4,171.66,169,6,4,0.055,0.125,0,0
CUST-01941,1,4,95.49,92,5,4,0.096,0.35,0,0
CUST-01942,12,0,77.37,178,1,1,0.978,0.745,0,1
CUST-01943,27,3,87.62,52,1,2,0.064,0.174,0,0
CUST-01944,32,1,35.62,117,4,4,0.64,0.876,0,1
CUST-01945,1,3,199.59,82,4,3,0.579,0.926,2,0
CUST-01946,23,3,140.55,145,5,2,0.604,0.321,0,0
CUST-01947,11,3,249.08,144,5,3,0.149,0.187,1,0
CUST-01948,32,1,81.5,36,2,4,0.161,0.748,0,0
CUST-01949,10,2,186.18,26,5,4,0.282,0.368,1,0
CUST-01950,34,2,110.7,45,6,1,0.553,0.28,0,0
CUST-01951,29,3,223.52,126,4,1,0.621,0.713,0,0
CUST-01952,30,3,78.5,118,1,3,0.82,0.669,0,0
CUST-01953,18,4,132.04,165,4,3,0.884,0.736,0,0
CUST-01954,18,2,103.42,104,1,2,0.275,0.436,0,0
CUST-01955,20,4,95.96,173,6,4,0.455,0.451,0,0
CUST-01956,23,4,158.9,127,2,4,0.252,0.94,1,0
CUST-01957,11,1,88.95,100,1,2,0.108,0.635,0,1
CUST-01958,17,0,148.78,112,2,3,0.86,0.388,1,0
CUST-01959,12,4,128.52,146,5,1,0.751,0.868,2,0
CUST-01960,25,2,205.64,143,6,3,0.297,0.126,0,0
CUST-01961,13,2,127.24,156,3,1,0.194,0.907,0,0
CUST-01962,6,4,51.42,87,1,3,0.211,0.968,0,0
CUST-01963,23,5,178.71,155,6,2,0.446,0.393,0,0
CUST-01964,11,6,249.95,60,3,1,0.648,0.303,0,0
CUST-01965,16,4,397.16,15,3,1,0.958,0.613,0,0
CUST-01966,34,3,203.06,163,4,1,0.452,0.353,0,0
CUST-01967,31,2,118.53,16,1,3,0.578,0.583,1,0
CUST-01968,11,4,162.38,55,3,3,0.318,0.042,0,0
CUST-01969,22,6,143.59,131,5,2,0.485,0.993,0,0
CUST-01970,27,3,92.55,84,6,1,0.731,0.498,0,0
CUST-01971,12,5,181.5,103,1,2,0.024,0.213,1,0
CUST-01972,26,3,110.47,113,2,3,0.12,0.856,3,0
CUST-01973,20,2,167.5,83,1,3,0.582,0.046,0,0
CUST-01974,1,1,109.96,134,2,2,0.009,0.703,0,1
CUST-01975,22,3,100.49,6,4,2,0.431,0.741,0,0
CUST-01976,23,3,221.91,41,5,3,0.686,0.742,0,0
CUST-01977,11,2,228.06,114,2,2,0.222,0.371,0,0
CUST-01978,22,4,231.42,2,5,4,0.361,0.809,1,0
CUST-01979,12,4,144.36,115,6,1,0.123,0.193,0,0
CUST-01980,27,2,171.37,36,1,2,0.992,0.193,0,0
CUST-01981,29,3,101.6,82,5,4,0.885,0.813,1,0
CUST-01982,19,3,88.08,60,4,2,0.078,0.724,1,0
CUST-01983,19,3,192.22,15,5,2,0.134,0.144,1,0
CUST-01984,6,4,106.62,87,3,1,0.581,0.142,1,0
CUST-01985,15,0,146.02,97,1,4,0.59,0.757,1,0
CUST-01986,19,2,187.06,23,5,2,0.108,0.444,0,0
CUST-01987,13,2,210.14,22,3,2,0.089,0.31,2,0
CUST-01988,16,2,162.25,101,1,4,0.579,0.917,0,0
CUST-01989,20,1,109.59,143,3,1,0.66,0.151,3,0
CUST-01990,22,4,30.19,47,6,3,0.08,0.877,1,0
CUST-01991,15,3,228.6,12,2,1,0.73,0.394,3,0
CUST-01992,10,2,327.97,175,5,4,0.942,0.372,0,0
CUST-01993,35,1,170.64,67,5,4,0.926,0.984,0,0
CUST-01994,19,2,114.11,143,3,4,0.733,0.977,0,0
CUST-01995,8,6,119.14,82,6,1,0.365,0.631,0,0
CUST-01996,20,2,83.62,134,2,4,0.43,0.771,0,0
CUST-01997,13,2,293.69,40,6,4,0.714,0.346,0,0
CUST-01998,20,3,252.05,49,5,2,0.531,0.135,0,0
CUST-01999,16,0,240.65,68,4,4,0.007,0.188,1,0
CUST-02000,11,2,82.15,99,5,1,0.763,0.018,0,0
